,fluxes
AAT,0.0
ALATLm,0.0
ASNTLm,0.0
ASPO,67.94204679667419
ASPOm,-9.913745369326273e-29
ASPTLm,0.0
ASNTL,0.0
ASPTL,0.0
ALATL,0.0
ALATAH,0.0
ASNTAH,0.0
ASPTAH,0.0
ASPATh,-168.20348615089944
AGAT,0.0
AGATx,0.0
ASPS,0.0
ASPSE,0.0
ACGAMPM,0.0
G6PDA,0.0
UA4E,0.0
UDPACGLP,0.0
AAPT,0.0
ACGAM6PSi,0.0
GF6PTA,0.0
UAD,0.0
UDPGALOR,0.0
UMPU,0.0
AOTA,-4.696532429955537e-13
AOTAm,0.0
GACT,-4.696532429955537e-13
GSC,0.0
LGGSOR,0.0
PROOR,0.0
AAAT,0.0
AABHH,0.0
AGGPR,-4.696532429955537e-13
AGK,-4.696532429955537e-13
AODAA,0.0
ARGDI,0.0
ARGT,0.0
G5DH,0.0
G5DHm,0.0
G5DHx,0.0
NOS,1.00000000000101
NOS1,0.0
NOS2,0.0
ORNTArm,0.0
P5CR,0.0
P5CRm,0.0
PROTL,0.0
PCOR,0.0
THPOR,0.0
P3H5COR,0.0
ARGTAH,0.0
PROTAH,0.0
ARGSL,1.0000000000010651
OCT,0.0
OCTh,0.0
OCTm,5.513793897421973e-14
ARGSS,1.0000000000010654
GLU5K,0.0
GDPMANNE1,0.0
GDPMANNE2,0.0
GDPMANNE3,0.0
ASCBOR4,0.0
MDHASCBL,0.0
ASCBOR,0.0
GTHDHu,0.0
UDPGLCURH,3.9999999999995763
GDPGALP,0.0
GAL1PP,0.0
GALOR,0.0
GALTLOR,0.0
ASCBOR2,0.0
ASCBOR3,0.0
ATPM_NGAM,2.85
ASAPT,0.0
PPCOAOm,0.0
BAOAT,0.0
APOR,0.0
BADP,0.0
HIDP,0.0
PAO,0.0
PBAL,0.0
HAL,0.0
DHDH,0.0
DHPD,0.0
BUPN,0.0
44MZYMMO,666.3712092573442
44MZYMOR,-243.6530101471876
4MZYMDM,14.469437665959841
4MZYMR,1000.0
CADMO,0.0
CADS,0.0
CAS,0.0
CMS,0.0
CYARTMT,0.0
CYEUOLCYCI,0.0
CYEUOLS,0.0
DDSMSTOLD,14.469437665959841
DSMSTOLD,0.0
DXRI,0.0
GGDR,0.0
HDS,0.0
LNS14DM,0.0
LS,0.0
MCS,0.0
MERGTROLR,0.0
MPQMT,0.0
SMO,0.0
4MZYMCODH,1000.0
CHLSTD78I,0.0
CHLSTI,14.469437665959841
CHLSTR,0.0
CMK,0.0
DDSMSTOLR,0.0
DSMSTOLR,0.0
DXS,0.0
FPPS,0.0
FPPSh,0.0
GGPS,0.0
GPPS,0.0
GPPSh,0.0
HPT,0.0
IDI,0.0
IDIh,0.0
IDS1,0.0
IDS2,0.0
LTHSTRLOR,0.0
OBFOOLOR,0.0
PSPPS,0.0
SS,0.0
TCYD,0.0
TCYG,0.0
TMTB,0.0
TMTD,0.0
TMTG,0.0
VITD3S,0.0
ZYMSTR,0.0
HST,0.0
MSBQMT,0.0
3OACOAR,0.0
3OACOAS,0.0
COA1819ZD9DS,0.0
ECOAH8,0.0
ECOAR,0.0
FACOAE160,0.0
FACOAE180,0.0
FACOAE1819Z,0.0
FACOAE1829Z12Z,0.0
FACOAE1836Z9Z12Z,0.0
FACOAE1839Z12Z15Z,0.0
LNLCCOAOR,0.0
AMAOTr,0.0
MALCOAMT,0.0
OGMEACPS,0.0
OGMEACPR,0.0
OGMEACPD,0.0
EGMEACPR,0.0
OPMEACPS,0.0
OPMEACPR,0.0
OPMEACPD,0.0
EPMEACPR,0.0
PMEACPE,0.0
AOXSr2,0.0
DBTS,0.0
BTS5,0.0
BTNL,0.0
BTNL2,0.0
BTNLm,0.0
BTNLm2,0.0
BCACT,0.0
BCOR,-0.8337789071988848
HBCHL,0.8337789071988848
HBCHLm,0.0
HBCHLR,0.0
HBCO_nadp,0.8337789071988847
HBCO_nadp_m,0.0
HBNOm,0.0
HBNOx,0.0
APLh,0.0
APLm,0.0
BNOR,0.0
BNORh,0.0
BTS,0.0
BTS_nadph,0.0
HBCO,0.0
HBCOm,0.0
SSNOh,0.0
SSNOm,0.0
CALLOSES,0.0
CALLOSESf,0.0
ALAAT,7.234718832981027
HCO3E,-54.47260913071056
HCO3Em,0.0
FBA3hi,12.125534776123239
GAPDH_nadp_hi,0.0
HCO3Ehi,54.47260913071051
MDH_nadp_hi,0.0
MDHCm,0.0
PPC,0.0
PPDKh,0.0
PRUK,4.890815943142071
RBPCh,4.890815943142071
SBP,12.125534776123239
GAPDH_nadp,33.05143794734138
ASPATm,136.8840935933464
MDHC_nadp_hr,-168.2034861508995
ANXANASCOR,0.0
BCAROH,0.0
BCAROKT,0.0
BCRPTXANH,0.0
LCYA,0.0
LCYB,0.0
LCYD,0.0
LCYE,0.0
LCYG,0.0
LUTH,0.0
NEOXANS,0.0
NOR,0.0
PDS1,0.0
PDS2,0.0
VIOXANOR,0.0
ZDS,0.0
TCZCARI,0.0
TCLYCI,0.0
ANXANOR,0.0
CHYA1,0.0
CHYA2,0.0
CXHY,0.0
PSY,0.0
ZAXANOR,0.0
ZHY,0.0
PHYTOOR,0.0
DCPHYTFLOR,0.0
DCZCAROR,0.0
CY_focytc_h,0.0
CY_focytb5_c,0.0
ETF,18.305890016347924
ETFQO,18.305890016347927
CYSTAm,0.0
MERCPPYRST,0.0
3SPYRSPh,0.0
3SPYRSPm,0.0
ACSERSULL,0.0
ACSERSULLh,0.0
ACSERSULLm,0.0
SHSL1h,1.9828532477271997e-29
SHSL2h,0.0
SHSL4h,-1.9828532477272e-29
CSLm,0.0
CSLh,0.0
AATC,0.0
AATCm,0.0
AATG,0.0
AATGm,0.0
CTINBL,0.0
CYSATm,0.0
CYSAT,0.0
CYSDO,0.0
CYSS,0.0
CYSS_trdrd,0.0
CYSTBL,0.0
CYSTL,0.0
CYSTAH,0.0
SAT,0.0
SATm,0.0
DM_apotfen_h,0.0
DM_asnglcnacglcnacman_LPAREN_man_RPAREN_man_c,0.0
DM_bhb_m,0.0
DM_bhb_x,0.0
DM_cat_c,0.0
DM_ficytb5_c,0.0
DM_glu5sa_m,0.0
DM_hcarn_c,0.0
DM_icit_h,0.0
DM_na1_c,0.0
DM_na1_h,0.0
DM_na1_m,0.0
DM_na1_x,10.0000000000001
DM_no_h,0.0
DM_o2D_u,12.766866899391559
DM_photon298_c,0.0
DM_photon437_u,0.0
DM_photon438_u,0.0
DM_photon450_h,0.0
DM_photon490_s,0.0
DM_photon646_h,17.66351759476936
DM_photon673_u,0.0
DM_photon680_u,0.0
DM_udg_m,0.0
DM_urdglyc_m,0.0
DM_pqa_h,0.0
DM_amob_m,0.0
DM_12dgr18111Z160_c,0.0
DM_12dgr1819Z160_c,0.0
DM_dad_5_c,0.0
DM_callose_c,0.0
DM_callose_f,0.0
DM_pcb_c,0.0
DM_fe2_h,0.0
DM_starch_h,0.0
DM_tag_c,0.0
CITALALDOR,0.0
CITALDM,0.0
CITALMO,0.0
CITALOR,0.0
DDMCITALOR,0.0
DMCITALDM,0.0
DMCITALOR,0.0
LIDOAMH,0.0
LIDODM,0.0
LIDOMO,0.0
MEGLYXYLAMH,0.0
CYTP450R,0.0
56DH5FLURAAMH,0.0
5FLURAOR,0.0
5FLURAPRT,0.0
6MPURPRT,0.0
6TINS5MPOR,0.0
6TXAN5MPAML,0.0
AFLBURPPAAMH,0.0
TEGAMO,0.0
TGUAPRT,0.0
EX_h_e,-0.9999999999999706
EX_h2o_e,874.9074201677491
EX_pi_e,-10.0
EX_nh4_e,-1.0
EX_no3_e,1.00000000000101
EX_so4_e,0.0
EX_fe2_e,0.0
EX_fe3_e,0.0
EX_mg2_e,0.0
EX_na1_e,-10.0
EX_photonVis_e,-80.0
EX_o2_e,0.0
EX_co2_e,-2.0
EX_hco3_e,0.0
EX_ac_e,0.0
EX_rib_D_e,0.0
EX_no2_e,0.0
EX_his_L_e,0.0
EX_urea_e,0.0
EX_ad_e,0.0
EX_gua_e,0.0
EX_ade_e,0.0
EX_alltt_e,9.913745369326272e-29
EX_alltn_e,0.0
EX_hxan_e,0.0
EX_orn_e,0.0
EX_gln_L_e,0.0
EX_urate_e,0.0
EX_leu_L_e,0.0
EX_arg_L_e,0.0
EX_so3_e,0.0
EX_s_e,0.0
EX_selt_e,0.0
EX_etoh_e,0.0
EX_for_e,0.0
EX_h2_e,0.0
EX_glyclt_e,0.0
EX_succ_e,0.0
EX_lac_D_e,0.0
EX_6mpur_e,0.0
EX_tgua_e,0.0
EX_tega_e,0.0
EX_5flura_e,0.0
EX_cital_e,0.0
EX_lido_e,0.0
EX_ascb_e,0.0
EX_xan_e,0.0
EX_ura_e,0.0
EX_meoh_e,0.0
EX_ncam_e,-4.723031090509769e-14
EX_nmn_e,0.0
EX_thm_e,0.0
EX_pheme_e,0.0
EX_biliverd_e,0.0
EX_co_e,2.0000000000041016
3HAD100,0.0
3HAD120,0.0
3HAD140,0.0
3HAD160,0.0
3HAD40,0.0
3HAD60,0.0
3HAD80,0.0
3OAR100,0.0
3OAR120,0.0
3OAR140,0.0
3OAR160,0.0
3OAR40,0.0
3OAR60,0.0
3OAR80,0.0
ACCOAC,0.0
MCOATA,0.0
ACCOACm,0.0
MCOATAm,0.0
3HAD180,0.0
3HAD181,0.0
3OAR180,0.0
3OAR181,0.0
3OAS100,0.0
3OAS120,0.0
3OAS140,0.0
3OAS160,0.0
3OAS180,0.0
3OAS181,0.0
3OAS60,0.0
3OAS80,0.0
ACOATA,0.0
ACP1619ZD9DS,0.0
ACP1819ZD9DS,0.0
BTNC,0.0
EAR100x,0.0
EAR100y,0.0
EAR120x,0.0
EAR120y,0.0
EAR140x,0.0
EAR140y,0.0
EAR160x,0.0
EAR160y,0.0
EAR180x,0.0
EAR181x,0.0
EAR181y,0.0
EAR40x,0.0
EAR40y,0.0
EAR60x,0.0
EAR60y,0.0
EAR80x,0.0
EAR80y,0.0
FA100ACPHi,0.0
FA120ACPHi,0.0
FA140ACPHi,0.0
FA160ACPHi,0.0
FA161ACPHi,0.0
FA180ACPHi,0.0
FA1819ZACPH,0.0
FA181ACPHi,0.0
FA80ACPHi,0.0
KAS14,0.0
BTNCm,0.0
ECOAH2m,0.8337789071988847
ECOAH3m,0.8337789071988844
ECOAH4m,0.8337789071988844
ECOAH5m,0.833778907198884
ECOAH6m,0.8337789071988839
ECOAH7m,0.8337789071988837
HACD2m,0.8337789071988846
HACD3m,0.8337789071988844
HACD4m,0.8337789071988843
HACD5m,0.833778907198884
HACD6m,0.8337789071988838
HACD7m,0.8337789071988838
ACACT2m,0.8337789071988846
ACACT3m,0.8337789071988845
ACACT4m,0.8337789071988844
ACACT5m,0.8337789071988843
ACACT6m,0.833778907198884
ACACT7m,0.8337789071988838
ACOAR2m,0.8337789071988846
ACOAR3m,0.8337789071988843
ACOAR4m,0.8337789071988843
ACOAR5m,0.8337789071988839
ACOAR6m,0.8337789071988838
ACOAR7m,0.8337789071988837
ACACT1,0.8337789071988847
ACACT2,0.8337789071988846
ACACT3,0.8337789071988844
ACACT4,0.8337789071988841
ACACT5,0.8337789071988839
ACACT6,0.8337789071988839
ACACT7,0.8337789071988837
CYTP450Rh,0.0
ECOAH1,0.8337789071988847
ECOAH2,0.8337789071988846
ECOAH3,0.8337789071988844
ECOAH4,0.8337789071988843
ECOAH5,0.833778907198884
ECOAH6,0.8337789071988838
ECOAH7,0.8337789071988837
HACD1,0.8337789071988847
HACD2,0.8337789071988846
HACD3,0.8337789071988844
HACD4,0.8337789071988841
HACD5,0.833778907198884
HACD6,0.8337789071988839
HACD7,0.8337789071988837
AACP1819ZS,0.0
AACPS1,0.0
AACPS3,0.0
AACPS4,0.0
AACPS5,0.0
AACPS6,0.0
ACOA100OR,0.8337789071988841
ACOA120OR,0.833778907198884
ACOA140OR,0.8337789071988838
ACOA160OR,0.8337789071988836
ACOA40OR,0.8337789071988846
ACOA60OR,0.8337789071988846
ACOA80OR,0.8337789071988843
CACOAL,0.0
FACOAL160,0.0
FAH120,0.0
FAH140,0.0
FAH160,0.0
FAH1819Z,0.0
FAH1829Z12Z,0.0
LNLCCOAL,0.0
LNLNCACOAL,0.0
LNLNCGCOAL,0.0
PACOAL,0.0
DHNPAr,0.0
10FTHFGLULL,0.0
10FTHFGLULLm,0.0
ADCL,0.0
ADCS,0.0
AKP1,0.0
DHFOR,0.0
DHFS,0.0
DHPS,0.0
DNMPPA,0.0
DNTPPA,0.0
FOLD3,0.0
GTPCI,0.0
HPPK,0.0
THFGLUH,0.0
THFGLUS,0.0
THFOR1,0.0
THFOR2,0.0
THFGLUSm,0.0
AGAKI,0.0
FPGPL,0.0
MAKI,0.0
MPAKI,0.0
MPPM,0.0
SBTRh,0.0
AF1PT,0.0
AM6PT,0.0
AM6PTh,0.0
BFBP,0.0
BFBPh,0.0
F2PP,0.0
FBPPH,0.0
GAMPG,0.0
PFK26,0.0
UG4E,0.0
AGMIS,0.0
EMGH,0.0
GALK,0.0
GALKh,0.0
GALO,0.0
GGGH,0.0
GRGT,0.0
IAGT,0.0
LCGH,0.0
MGHA,0.0
MGHB,0.0
MLGH,0.0
MTGH,0.0
OAGMIG,0.0
RFH,0.0
RGH,0.0
SFH,0.0
SGHA,0.0
SGHB,0.0
SYGH,0.0
GLCURK,3.999999999999577
ABAT,0.0
ARGD,0.0
ARGDh,0.0
GAL,68.94204679667419
GAM,0.0
GDR,0.0
GDR_nadp,0.0
GDR_nadp_h,0.0
GDR_nadp_m,0.0
GDRh,0.0
GDRm,0.0
GLNTL,0.0
GLUS_ferr,0.0
GLUTL,0.0
PRDPARh,0.0
GLNTAH,0.0
GLUTAH,0.0
GDHm,37.55411139053207
GCL,0.0
GTHS,0.0
GALh,30.319392557551165
GALm,0.0
GLUS,99.2614393542253
GDH,0.0
GDH_nadp,0.0
GTHAMPOR,0.0
GTHAMPORh,0.0
GTHAMPORm,0.0
GTHPDSOR,0.0
GTHP,0.0
OPAH,0.0
GGGAP,0.0
CGDP,0.0
ALCD19,0.0
ALCD19y,0.0
GLYALDOR,0.0
ACOADAGAT16018111Z160,0.0
ACOADAGAT16018111Z180,0.0
ACOADAGAT16018111Z18111Z,0.0
ACOADAGAT16018111Z1819Z,0.0
ACOADAGAT16018111Z1835Z9Z12Z,0.0
ACOADAGAT16018111Z1845Z9Z12Z15Z,0.0
ACOADAGAT1601819Z160,0.0
ACOADAGAT1601819Z180,0.0
ACOADAGAT1601819Z18111Z,0.0
ACOADAGAT1601819Z1819Z,0.0
ACOADAGAT1601819Z1835Z9Z12Z,0.0
ACOADAGAT1601819Z1845Z9Z12Z15Z,0.0
ACOADAGAT1801819Z160,0.0
ACOADAGAT1801819Z180,0.0
ACOADAGAT1801819Z18111Z,0.0
ACOADAGAT1801819Z1819Z,0.0
ACOADAGAT1801819Z1835Z9Z12Z,0.0
ACOADAGAT1801819Z1845Z9Z12Z15Z,0.0
ACOADAGAT18111Z18111Z160,0.0
ACOADAGAT18111Z18111Z180,0.0
ACOADAGAT18111Z18111Z18111Z,0.0
ACOADAGAT18111Z18111Z1819Z,0.0
ACOADAGAT18111Z18111Z1835Z9Z12Z,0.0
ACOADAGAT18111Z18111Z1845Z9Z12Z15Z,0.0
ACOADAGAT18111Z1819Z160,0.0
ACOADAGAT18111Z1819Z180,0.0
ACOADAGAT18111Z1819Z18111Z,0.0
ACOADAGAT18111Z1819Z1819Z,0.0
ACOADAGAT18111Z1819Z1835Z9Z12Z,0.0
ACOADAGAT18111Z1819Z1845Z9Z12Z15Z,0.0
ACOADAGAT1819Z18111Z160,0.0
ACOADAGAT1819Z18111Z180,0.0
ACOADAGAT1819Z18111Z18111Z,0.0
ACOADAGAT1819Z18111Z1819Z,0.0
ACOADAGAT1819Z18111Z1835Z9Z12Z,0.0
ACOADAGAT1819Z18111Z1845Z9Z12Z15Z,0.0
ACOADAGAT1819Z1819Z160,0.0
ACOADAGAT1819Z1819Z180,0.0
ACOADAGAT1819Z1819Z18111Z,0.0
ACOADAGAT1819Z1819Z1819Z,0.0
ACOADAGAT1819Z1819Z1835Z9Z12Z,0.0
ACOADAGAT1819Z1819Z1845Z9Z12Z15Z,0.0
ACPT16018111Z,0.0
ACPT1601819Z,0.0
ACPT18111Z18111Z,0.0
ACPT18111Z1819Z,0.0
ACPT1819Z18111Z,0.0
ACPT1819Z1819Z,0.0
AGPAT1601819Zh,0.0
AGPAT160h,0.0
AGPAT1801819Zh,0.0
AGPAT18111Z160h,0.0
AGPAT18111Z1819Zh,0.0
AGPAT1819Z160h,0.0
AGPAT1819Z1619Zh,0.0
AGPAT1819Z18111Zh,0.0
AGPAT1819Z1819Zh,0.0
AGPATCOA16018111Z,0.0
AGPATCOA1601819Z,0.0
AGPATCOA1801819Z,0.0
AGPATCOA18111Z160,0.0
AGPATCOA18111Z18111Z,0.0
AGPATCOA18111Z1819Z,0.0
AGPATCOA1819Z160,0.0
AGPATCOA1819Z18111Z,0.0
AGPATCOA1819Z1819Z,0.0
ASQDCADS1829Z12Z160,0.0
ASQDCADS1839Z12Z15Z160,0.0
ASQDPADS1829Z12Z160,0.0
ASQDPADS1839Z12Z15Z160,0.0
DAGAH16018111Z,0.0
DAGAH1601819Z,0.0
DAGAH1801819Z,0.0
DAGAH18111Z18111Z,0.0
DAGAH18111Z1819Z,0.0
DAGAH1819Z18111Z,0.0
DAGAH1819Z1819Z,0.0
DAGK16018111Z,0.0
DAGK1601819Z,0.0
DAGK1601819Zh,0.0
DAGK160h,0.0
DAGK1801819Z,0.0
DAGK1801819Zh,0.0
DAGK181,0.0
DAGK18111Z160h,0.0
DAGK18111Z1819Z,0.0
DAGK18111Z1819Zh,0.0
DAGK1819Z160h,0.0
DAGK1819Z1619Zh,0.0
DAGK1819Z18111Z,0.0
DAGK1819Z18111Zh,0.0
DAGK1819Z1819Z,0.0
DAGK1819Z1819Zh,0.0
DGDGD4DS1819Z1634Z7Z10Z,0.0
DGDGD4DS1829Z12Z1634Z7Z10Z,0.0
DGDGD4DS1839Z12Z15Z1634Z7Z10Z,0.0
DGDGD4DS1839Z12Z15Z1644Z7Z10Z13Z,0.0
DGDGD7DS1819Z1617Z,0.0
DGDGD7DS1829Z12Z1617Z,0.0
DGDGGH1819Z160,0.0
DGDGGH1819Z1617Z,0.0
DGDGGH1819Z1619Z,0.0
DGDGGH1819Z1627Z10Z,0.0
DGDGGH1819Z1637Z10Z13Z,0.0
DGDGGH1829Z12Z160,0.0
DGDGGH1829Z12Z1617Z,0.0
DGDGGH1829Z12Z1619Z,0.0
DGDGGH1829Z12Z1627Z10Z,0.0
DGDGGH1829Z12Z1634Z7Z10Z,0.0
DGDGGH1829Z12Z1637Z10Z13Z,0.0
DGDGGH1839Z12Z15Z160,0.0
DGDGGH1839Z12Z15Z1627Z10Z,0.0
DGDGGH1839Z12Z15Z1634Z7Z10Z,0.0
DGDGGH1839Z12Z15Z1637Z10Z13Z,0.0
DGDGGH1839Z12Z15Z1644Z7Z10Z13Z,0.0
DGDGS1819Z160,0.0
DGDGS1819Z1619Z,0.0
DGDGW3DS1819Z1637Z10Z13Z,0.0
DGDGW3DS1829Z12Z1637Z10Z13Z,0.0
DGDGW3DS1839Z12Z15Z160,0.0
DGDGW3DS1839Z12Z15Z1627Z10Z,0.0
DGDGW3DS1839Z12Z15Z1634Z7Z10Z,0.0
DGDGW3DS1839Z12Z15Z1637Z10Z13Z1,0.0
DGDGW3DS1839Z12Z15Z1637Z10Z13Z2,0.0
DGDGW3DS1839Z12Z15Z1644Z7Z10Z13Z,0.0
DGDGW6DS1819Z1627Z10Z,0.0
DGDGW6DS1829Z12Z160,0.0
DGDGW6DS1829Z12Z1617Z,0.0
DGDGW6DS1829Z12Z1619Z,0.0
DGDGW6DS1829Z12Z1627Z10Z1,0.0
DGDGW6DS1829Z12Z1627Z10Z2,0.0
DGDGW6DS1829Z12Z1634Z7Z10Z,0.0
DGDGW6DS1829Z12Z1637Z10Z13Z,0.0
DGTSD5DS1601835Z9Z12Z,0.0
DGTSD5DS18111Z1835Z9Z12Z,0.0
DGTSD5DS1819Z1835Z9Z12Z,0.0
DGTSD5DS1829Z12Z1835Z9Z12Z,0.0
DGTSDS1601829Z12Z,0.0
DGTSDS1601845Z9Z12Z15Z,0.0
DGTSDS18111Z1829Z12Z,0.0
DGTSDS18111Z1845Z9Z12Z15Z,0.0
DGTSDS1819Z1829Z12Z,0.0
DGTSDS1819Z1845Z9Z12Z15Z,0.0
DGTSDS1829Z12Z18111Z,0.0
DGTSDS1829Z12Z1819Z,0.0
DGTSDS1829Z12Z1829Z12Z1,0.0
DGTSDS1829Z12Z1829Z12Z2,0.0
DGTSDS1829Z12Z1835Z9Z12Z,0.0
DGTSDS1829Z12Z1845Z9Z12Z15Z1,0.0
DGTSDS1829Z12Z1845Z9Z12Z15Z2,0.0
DGTSDS1839Z12Z15Z18111Z,0.0
DGTSDS1839Z12Z15Z1819Z,0.0
DGTSDS1839Z12Z15Z1835Z9Z12Z,0.0
DGTSDS1839Z12Z15Z1845Z9Z12Z15Z1,0.0
DGTSDS1839Z12Z15Z1845Z9Z12Z15Z2,0.0
FACOAL180,0.0
FACOAL181,0.0
FACOAL18111Z,0.0
G3PAT160,0.0
G3PAT160h,0.0
G3PAT180,0.0
G3PAT180h,0.0
G3PAT181,0.0
G3PAT1819Z,0.0
G3PAT1819Zh,0.0
G3PAT181h,0.0
GLYK,0.0
MAGAH160,0.0
MAGAH180,0.0
MAGAH18111Z,0.0
MAGAH1819Z,0.0
MGDGD4DS1819Z1644Z7Z10Z13Z,0.0
MGDGD4DS1829Z12Z1634Z7Z10Z,0.0
MGDGD4DS1829Z12Z1644Z7Z10Z13Z,0.0
MGDGD4DS1839Z12Z15Z1634Z7Z10Z,0.0
MGDGD4DS1839Z12Z15Z1644Z7Z10Z13Z,0.0
MGDGD7DS1819Z1617Z,0.0
MGDGD7DS1829Z12Z1617Z,0.0
MGDGS1819Z160,0.0
MGDGS1819Z1619Z,0.0
MGDGW3DS1819Z1637Z10Z13Z,0.0
MGDGW3DS1829Z12Z1637Z10Z13Z,0.0
MGDGW3DS1829Z12Z1644Z7Z10Z13Z,0.0
MGDGW3DS1839Z12Z15Z160,0.0
MGDGW3DS1839Z12Z15Z1627Z10Z,0.0
MGDGW3DS1839Z12Z15Z1634Z7Z10Z,0.0
MGDGW3DS1839Z12Z15Z1637Z10Z13Z1,0.0
MGDGW3DS1839Z12Z15Z1637Z10Z13Z2,0.0
MGDGW3DS1839Z12Z15Z1644Z7Z10Z13Z1,0.0
MGDGW3DS1839Z12Z15Z1644Z7Z10Z13Z2,0.0
MGDGW6DS1819Z1627Z10Z,0.0
MGDGW6DS1829Z12Z160,0.0
MGDGW6DS1829Z12Z1617Z,0.0
MGDGW6DS1829Z12Z1619Z,0.0
MGDGW6DS1829Z12Z1627Z10Z1,0.0
MGDGW6DS1829Z12Z1627Z10Z2,0.0
MGDGW6DS1829Z12Z1637Z10Z13Z,0.0
MGDGW6DS1829Z12Z1644Z7Z10Z13Z,0.0
PAPA16018111Z,0.0
PAPA1601819Z,0.0
PAPA1601819Zh,0.0
PAPA160h,0.0
PAPA1801819Z,0.0
PAPA1801819Zh,0.0
PAPA181,0.0
PAPA18111Z160h,0.0
PAPA18111Z1819Z,0.0
PAPA18111Z1819Zh,0.0
PAPA1819Z160h,0.0
PAPA1819Z1619Zh,0.0
PAPA1819Z18111Z,0.0
PAPA1819Z18111Zh,0.0
PAPA1819Z1819Z,0.0
PAPA1819Z1819Zh,0.0
PED5DS1801835Z9Z12Z,0.0
PED5DS18111Z1835Z9Z12Z,0.0
PED5DS1819Z1835Z9Z12Z,0.0
PEDS1801829Z12Z,0.0
PEDS1801845Z9Z12Z15Z,0.0
PEDS18111Z1829Z12Z,0.0
PEDS18111Z1845Z9Z12Z15Z,0.0
PEDS1819Z1829Z12Z,0.0
PEDS1819Z1845Z9Z12Z15Z,0.0
PEDS1829Z12Z1835Z9Z12Z,0.0
PLDAGAT16018111Z1601,0.0
PLDAGAT16018111Z1602,0.0
PLDAGAT16018111Z18111Z1,0.0
PLDAGAT16018111Z18111Z2,0.0
PLDAGAT16018111Z18111Z3,0.0
PLDAGAT16018111Z1819Z1,0.0
PLDAGAT16018111Z1819Z2,0.0
PLDAGAT16018111Z1819Z3,0.0
PLDAGAT16018111Z1819Z4,0.0
PLDAGAT1601819Z1601,0.0
PLDAGAT1601819Z1602,0.0
PLDAGAT1601819Z18111Z1,0.0
PLDAGAT1601819Z18111Z2,0.0
PLDAGAT1601819Z18111Z3,0.0
PLDAGAT1601819Z1819Z1,0.0
PLDAGAT1601819Z1819Z2,0.0
PLDAGAT1601819Z1819Z3,0.0
PLDAGAT1601819Z1819Z4,0.0
PLDAGAT1801819Z1601,0.0
PLDAGAT1801819Z1602,0.0
PLDAGAT1801819Z18111Z1,0.0
PLDAGAT1801819Z18111Z2,0.0
PLDAGAT1801819Z18111Z3,0.0
PLDAGAT1801819Z1819Z1,0.0
PLDAGAT1801819Z1819Z2,0.0
PLDAGAT1801819Z1819Z3,0.0
PLDAGAT1801819Z1819Z4,0.0
PLDAGAT18111Z18111Z1601,0.0
PLDAGAT18111Z18111Z1602,0.0
PLDAGAT18111Z18111Z18111Z1,0.0
PLDAGAT18111Z18111Z18111Z2,0.0
PLDAGAT18111Z18111Z18111Z3,0.0
PLDAGAT18111Z18111Z1819Z1,0.0
PLDAGAT18111Z18111Z1819Z2,0.0
PLDAGAT18111Z18111Z1819Z3,0.0
PLDAGAT18111Z18111Z1819Z4,0.0
PLDAGAT18111Z1819Z1601,0.0
PLDAGAT18111Z1819Z1602,0.0
PLDAGAT18111Z1819Z18111Z1,0.0
PLDAGAT18111Z1819Z18111Z2,0.0
PLDAGAT18111Z1819Z18111Z3,0.0
PLDAGAT18111Z1819Z1819Z1,0.0
PLDAGAT18111Z1819Z1819Z2,0.0
PLDAGAT18111Z1819Z1819Z3,0.0
PLDAGAT18111Z1819Z1819Z4,0.0
PLDAGAT1819Z18111Z1601,0.0
PLDAGAT1819Z18111Z1602,0.0
PLDAGAT1819Z18111Z18111Z1,0.0
PLDAGAT1819Z18111Z18111Z2,0.0
PLDAGAT1819Z18111Z18111Z3,0.0
PLDAGAT1819Z18111Z1819Z1,0.0
PLDAGAT1819Z18111Z1819Z2,0.0
PLDAGAT1819Z18111Z1819Z3,0.0
PLDAGAT1819Z18111Z1819Z4,0.0
PLDAGAT1819Z1819Z1601,0.0
PLDAGAT1819Z1819Z1602,0.0
PLDAGAT1819Z1819Z18111Z1,0.0
PLDAGAT1819Z1819Z18111Z2,0.0
PLDAGAT1819Z1819Z18111Z3,0.0
PLDAGAT1819Z1819Z1819Z1,0.0
PLDAGAT1819Z1819Z1819Z2,0.0
PLDAGAT1819Z1819Z1819Z3,0.0
PLDAGAT1819Z1819Z1819Z4,0.0
SQDGATCA18111Z160,0.0
SQDGATCA1819Z160,0.0
SQDGATPA18111Z160,0.0
SQDGATPA1819Z160,0.0
SQDGS160,0.0
SQDGS18111Z160,0.0
SQDGS1819Z160,0.0
SQDGW3DS1839Z12Z15Z160,0.0
SQDGW6DS1829Z12Z160,0.0
TAGAH16018111Z160,0.0
TAGAH16018111Z180,0.0
TAGAH16018111Z18111Z,0.0
TAGAH16018111Z1819Z,0.0
TAGAH16018111Z1835Z9Z12Z,0.0
TAGAH16018111Z1845Z9Z12Z15Z,0.0
TAGAH1601819Z160,0.0
TAGAH1601819Z180,0.0
TAGAH1601819Z18111Z,0.0
TAGAH1601819Z1819Z,0.0
TAGAH1601819Z1835Z9Z12Z,0.0
TAGAH1601819Z1845Z9Z12Z15Z,0.0
TAGAH1801819Z160,0.0
TAGAH1801819Z180,0.0
TAGAH1801819Z18111Z,0.0
TAGAH1801819Z1819Z,0.0
TAGAH1801819Z1835Z9Z12Z,0.0
TAGAH1801819Z1845Z9Z12Z15Z,0.0
TAGAH18111Z18111Z160,0.0
TAGAH18111Z18111Z180,0.0
TAGAH18111Z18111Z18111Z,0.0
TAGAH18111Z18111Z1819Z,0.0
TAGAH18111Z18111Z1835Z9Z12Z,0.0
TAGAH18111Z18111Z1845Z9Z12Z15Z,0.0
TAGAH18111Z1819Z160,0.0
TAGAH18111Z1819Z180,0.0
TAGAH18111Z1819Z18111Z,0.0
TAGAH18111Z1819Z1819Z,0.0
TAGAH18111Z1819Z1835Z9Z12Z,0.0
TAGAH18111Z1819Z1845Z9Z12Z15Z,0.0
TAGAH1819Z18111Z160,0.0
TAGAH1819Z18111Z180,0.0
TAGAH1819Z18111Z18111Z,0.0
TAGAH1819Z18111Z1819Z,0.0
TAGAH1819Z18111Z1835Z9Z12Z,0.0
TAGAH1819Z18111Z1845Z9Z12Z15Z,0.0
TAGAH1819Z1819Z160,0.0
TAGAH1819Z1819Z180,0.0
TAGAH1819Z1819Z18111Z,0.0
TAGAH1819Z1819Z1819Z,0.0
TAGAH1819Z1819Z1835Z9Z12Z,0.0
TAGAH1819Z1819Z1845Z9Z12Z15Z,0.0
TM16018111Z,0.0
TM1601819Z,0.0
TM18111Z18111Z,0.0
TM18111Z1819Z,0.0
TM1819Z18111Z,0.0
TM1819Z1819Z,0.0
UDPSQS,0.0
G3PD1,89.47980746794339
G3PD2,-89.47980746794339
1AGPEAT1801819Z,0.0
1AGPEAT1801829Z12Z,0.0
1AGPEAT1801835Z9Z12Z,0.0
1AGPEAT1801845Z9Z12Z15Z,0.0
1AGPEAT18111Z1819Z,0.0
1AGPEAT18111Z1829Z12Z,0.0
1AGPEAT18111Z1835Z9Z12Z,0.0
1AGPEAT18111Z1845Z9Z12Z15Z,0.0
1AGPEAT1819Z1819Z,0.0
1AGPEAT1819Z1829Z12Z,0.0
1AGPEAT1819Z1835Z9Z12Z,0.0
1AGPEAT1819Z1845Z9Z12Z15Z,0.0
1AGPEAT1829Z12Z1835Z9Z12Z,0.0
CDIPT18111Z160,0.0
CDIPT1819Z160,0.0
CDPDAGS18111Z160,0.0
CDPDAGS18111Z160h,0.0
CDPDAGS1819Z160,0.0
CDPDAGS1819Z160h,0.0
ETHAK,0.0
ETHAPT1801819Z,0.0
ETHAPT18111Z1819Z,0.0
ETHAPT1819Z1819Z,0.0
GPDDA2,0.0
LPLPS1AGPE180,0.0
LPLPS1AGPE18111Z,0.0
LPLPS1AGPE1819Z,0.0
LPLPS1AGPE1829Z12Z,0.0
PETHCT,0.0
PGD3TDS18111Z1613E,0.0
PGD3TDS1819Z1613E,0.0
PGD3TDS1829Z12Z1613E,0.0
PGD3TDS1839Z12Z15Z1613E,0.0
PGPP18111Z160,0.0
PGPP18111Z160h,0.0
PGPP1819Z160,0.0
PGPP1819Z160h,0.0
PGPS18111Z160,0.0
PGPS18111Z160h,0.0
PGPS1819Z160,0.0
PGPS1819Z160h,0.0
PGW3DS1839Z12Z15Z160,0.0
PGW6DS1829Z12Z160,0.0
PLPSA21801819Z,0.0
PLPSA21801829Z12Z,0.0
PLPSA21801835Z9Z12Z,0.0
PLPSA21801845Z9Z12Z15Z,0.0
PLPSA218111Z1819Z,0.0
PLPSA218111Z1829Z12Z,0.0
PLPSA218111Z1835Z9Z12Z,0.0
PLPSA218111Z1845Z9Z12Z15Z,0.0
PLPSA21819Z1819Z,0.0
PLPSA21819Z1829Z12Z,0.0
PLPSA21819Z1835Z9Z12Z,0.0
PLPSA21819Z1845Z9Z12Z15Z,0.0
PLPSA21829Z12Z1835Z9Z12Z,0.0
PLPSD1801819Z,0.0
PLPSD1801829Z12Z,0.0
PLPSD1801835Z9Z12Z,0.0
PLPSD1801845Z9Z12Z15Z,0.0
PLPSD18111Z1819Z,0.0
PLPSD18111Z1829Z12Z,0.0
PLPSD18111Z1835Z9Z12Z,0.0
PLPSD18111Z1845Z9Z12Z15Z,0.0
PLPSD1819Z1819Z,0.0
PLPSD1819Z1829Z12Z,0.0
PLPSD1819Z1835Z9Z12Z,0.0
PLPSD1819Z1845Z9Z12Z15Z,0.0
PLPSD1829Z12Z1835Z9Z12Z,0.0
SERDC,0.0
G3PD3,0.0
DHAPT,0.0
GHMT,37.554111390532185
GLYATx,0.0
GLYCOR_nadp,-7.2347188329810255
SGAT,0.0
SPTA,7.2347188329810255
THRA,1.9828532477271994e-29
THRAL,30.319392557551158
2HGOR,0.0
SERR,0.0
THRAL2,0.0
AMO,0.0
AOBUTDxs,0.0
DHLDH,0.0
GCLDH,0.0
GLYCDH,0.0
GLYDHD,0.0
GLYPT,0.0
GLYTA,0.0
GLYTL,0.0
GLYTLm,0.0
HSK,0.0
PGLYCPh,0.0
PGLYDH,0.0
PSAT,0.0
PSP,0.0
SERTL,0.0
THRS,1.982853247727199e-29
THRTL,0.0
THRTLm,0.0
GLYTAH,0.0
SERTAH,0.0
THRTAH,0.0
ASADH,0.0
ASPK,0.0
HSDH,0.0
A1E,0.0
ENO,198.52287870845282
ENOf,0.0
ENOm,-198.52287870845242
FBAf,0.0
FBAh,0.0
FBAm,0.0
G6PI,0.0
G6PIh,26.594972442086295
GAPDHf,0.0
GAPDHh,20.53776067126924
GAPDHm,0.0
PGCM,0.0
PGIA,0.0
PGIAh,-26.5949724420863
PGIB,0.0
PGIBh,0.0
PGM,0.0
PGMf,0.0
PGMm,0.0
PGMTh,0.0
PQQm,-80.52511223466385
ACP,0.0
ACPh,0.0
ALCDH_pqq_x,80.52511223466385
GAPDHi,4.5026734431928
GLUKA,0.0
GLUKAh,0.0
GLUKB,0.0
GLUKBh,0.0
PFKh,0.0
PDHe2hr,0.0
PDHe2r,0.0
PDHam1hi,0.0
PDHam1mi,0.0
PDHam2hi,0.0
PDHam2mi,0.0
PDHe3hr,0.0
PGKf,0.0
PGKh,20.537760671269236
PGK,37.55411139053418
PGKm,0.0
TPIh,-12.125534776123242
PYK,198.52287870845282
PYKf,0.0
PYKm,0.0
PDCh,0.0
PDCm,0.0
PDHe3mr,0.0
CAT,0.0
HOXPRm,0.0
ATPCS,0.0
FKYNH,0.0
FORAMDx,0.0
FTHDF,0.0
FTHFL,75.10822278106437
GLYCK,7.234718832981025
GLYCLTD,0.0
GLYDH,0.0
HDAO10x,0.0
ICL,30.319392557552504
MTHFCx,75.10822278106437
PGLYCPx,0.0
RBCh,0.0
ACS,0.0
MALSh,0.0
MALSm,30.319392557552508
MALSx,0.0
GDPMT,0.0
MM3,0.0
AOOA,0.0
AOOAh,0.0
ADPART,0.0
ALDH_im4ac,0.0
AO,0.0
HDC,0.0
HDH,0.0
HDHh,0.0
HISTL,0.0
HP,0.0
HPh,0.0
IGPD,0.0
IGPDh,0.0
IMGPS,0.0
IMGPSh,0.0
PRACH,0.0
PRACHh,0.0
PRADP,0.0
PRADPh,0.0
PRICI,0.0
PRICIh,0.0
HISTAH,0.0
AMI3TP,0.0
AMITKP,0.0
AMITKPn,0.0
AMITP,0.0
AMITPn,0.0
IBPH,0.0
IBPHn,0.0
IPKK,0.0
ITK1K,0.0
ITKK,0.0
ITKPH,0.0
ITKPHn,0.0
ITKPK,0.0
ITPH,0.0
MI1PP,0.0
MI3PP,0.0
MI3PSA,0.0
MI3PSB,0.0
MI4PP,0.0
MIBP,0.0
MIHKPP,0.0
MIOOR,0.0
MITKP,0.0
MITP,0.0
MITPn,0.0
MMSD,0.0
PAIL4PT18111Z160,0.0
PAIL4PT1819Z160,0.0
PAIL45PT18111Z160,0.0
PAIL45PT1819Z160,0.0
PAIL45PH18111Z160,0.0
PAIL45PH1819Z160,0.0
PAIL45ITPH18111Z160,0.0
PAIL45ITPH1819Z160,0.0
PAIL3PT1819Z160,0.0
PAIL3PT18111Z160,0.0
13HODEOR,0.0
13HPODEDH,0.0
LLOX13,0.0
LNLCCOADS,0.0
DAPAT,0.0
DAPEP,0.0
DAPDC,0.0
DHDPS,0.0
DHPR,0.0
LYSTLm,0.0
LYSTL,0.0
LYSTAH,0.0
COORr,-2.000000000004102
MMAOR,0.0
ADSH,-1.9828532477271994e-29
ADSHm,1.9828532477271994e-29
M5TRPH,-4.696532429955536e-13
ACDO,1.982853247727199e-29
ACDO_co,0.0
ACPCS,1.9828532477271994e-29
ACRS,1.982853247727199e-29
ACRSP,1.982853247727199e-29
AHAL,0.0
AHHST,0.0
AHSL,0.0
CBL,0.0
CYSTS,-1.9828532477271994e-29
DMT,0.0
M5TAP,-4.696532429955536e-13
M5TRK,0.0
M5TRPI,-4.696532429955536e-13
MAT,0.0
MATm,1.982853247727199e-29
METTF,0.0
METTL,0.0
MOTA,1.982853247727199e-29
MS,0.0
METTAH,0.0
AMCL,0.0
APAPT,-4.696532429955537e-13
APAPTm,0.0
MTAN,0.0
BDMT,0.0
DOLASNT,0.0
DOLDPP,0.0
DOLPGT1,0.0
DOLPGT2,0.0
DOLPGT3,0.0
DOLPMT,0.0
DOLPMT1,0.0
DOLPMT2,0.0
G12MT1,0.0
G12MT2,0.0
G12MT3,0.0
G12MT4,0.0
G13MT,0.0
G16MT,0.0
GLCNACPT,0.0
GLCNACT,0.0
MG1A,0.0
MG1B,0.0
MG2A,0.0
MG2B,0.0
MG3A,0.0
MG3B,0.0
MM1,0.0
MM2,0.0
UDPDOLPT,0.0
ANNA,0.0
ANNAn,0.0
ANNAT,2.3105679767205683e-14
ANNATn,0.0
NAPT,-2.3105679767205686e-14
NNOR,-5.002673443193304
NRPH,0.0
AN2PT,0.0
DNGAL,0.0
DNGALh,0.0
DNNH,0.0
N2PH,0.0
NAAH,2.4124631137892007e-14
NADS1,0.0
NARP,0.0
NPH,0.0
NRS,0.0
ASPO2m,0.0
QULNS,0.0
NNDPR,0.0
AMID,0.0
CPS,0.0
FORA,0.0
GLUS_nadph,0.0
GLYS,37.554111390532185
NITR,0.0
NITR_NO,0.0
NO2R,0.0
NODOx,0.500000000000505
NODOy,0.0
URCBm,0.0
HISD,0.0
HYNE,0.0
OGMG,0.0
URCN,0.0
A2GALT1,0.0
A2GALT2,0.0
A2GALT3,0.0
A2GALT4,0.0
A2GALT5,0.0
A2GALT6,0.0
A3GALT1,0.0
A3GALT2,0.0
A3GALT3,0.0
A3GALT4,0.0
A3GALT5,0.0
A3MT,0.0
A4GALT,0.0
B2ARAT1,0.0
B2ARAT2,0.0
B2ARAT3,0.0
B2ARAT4,0.0
B2ARAT5,0.0
B4ARAT,0.0
B5ARAT,0.0
G6MT1,0.0
G6MT2,0.0
PROAKGOX1,0.0
FPGFTh,0.0
FPGFTm,0.0
MDUMT,0.0
METSm,0.0
MTAM_nh4,0.0
MTHFOR_nadp,-75.10822278106437
DHFR2i,0.0
DHFRi,0.0
FGFTh,0.0
FGFTm,0.0
FOLR2,0.0
FTAL,0.0
FTCL,0.0
FTHFO,0.0
MTAM,-3.024674102177331e-14
MTHFO,0.0
MTHFO_nadp,0.0
ATPSm,202.5228787084521
CCP2m,100.25872080261973
CYOO6m,0.0
CYOR_q8_m,100.25872080261975
IDPh,0.0
IDPm,1.982853247727199e-29
NADHOR,51.63343822871933
NADHOR_2m,0.0
NADHOR_2h,0.0
IDP,0.0
2DHPFALDL,0.0
ACPS1,0.0
ACPS1h,0.0
APPAT,0.0
BCTA_val_m,0.0
PNORm,0.0
PNORn,0.0
ACPS1m,0.0
ADCPT,0.0
APCPT,0.0
APNPT,0.0
APPT,0.0
CYSCL,0.0
DMHL,0.0
DMORh,0.0
DMORm,0.0
MTMOHT,0.0
PBALm,0.0
PPATDh,0.0
PPATDm,0.0
PPCL,0.0
PPCL_CTP,0.0
XU5PDPT,0.0
GLCUR1PUT,3.999999999999577
PPM,0.0
PPMh,0.0
RPDPK,0.0
TAh,19.360253609104486
DRBK,0.0
G6PADH,0.0
G6PADHh,0.0
G6PBDH,0.0
G6PBDHh,26.594972442086295
GNKh,0.0
PGDH,0.0
PGDHh,26.594972442086288
PGLh,26.59497244208629
RBK,4.4654756322834794e-13
RPEh,14.469437665963833
RPIh,-7.2347188329813115
TKT1h,7.234718832981814
TKT2h,7.234718832981813
RPE,0.0
CHRM,0.0
DQDH,0.0
POAT,0.0
POATh,0.0
POATm,0.0
PRAI,0.0
PSCIT,0.0
SKDH,0.0
TYRTA,0.0
TYRTAh,0.0
TYRTAm,0.0
ANTPPT,0.0
ATNS,0.0
ATNS_nh4,0.0
CHRS,0.0
DHQS,0.0
DPHS,0.0
G3PL,0.0
IGPS,0.0
PHETLm,0.0
PPDH,0.0
PPOR,0.0
SERH,0.0
SKK,0.0
TRPS2h,0.0
TRPTL,0.0
TYRTL,0.0
AROAT,0.0
AROATh,0.0
AROAT2,0.0
AROAT2h,0.0
AROORh,0.0
AROHL,0.0
AROHLh,0.0
PHETL,0.0
PHETAH,0.0
TRPTAH,0.0
TYRTAAH,0.0
ATPSh,14.672447829424197
CBFC,25.533733798783118
CEF,3.8111618600652766
FNORh,25.533733798783114
PSIblue,0.0
PSIIblue,0.0
PSIred,29.344895658848394
PSIIred,12.766866899391559
SUCDHh,0.0
PTOR,0.0
ABOR,0.0
AGDI,5.490246590838721e-14
AGDIn,0.0
ARDC,5.4902465908387206e-14
CMPA,5.490246590838721e-14
ORDC,-5.247911819697735e-13
ORDCh,0.0
CHLADMT,0.0
CHLAE,0.0
CHLDADMT,0.0
CHLDAO,0.0
CPP1O,0.0
CPP3O,0.0
DVCHLDR,0.0
DVPCHLDR,0.0
G1SAT,0.0
HEMELh,0.0
HEMELm,0.0
MPMT,0.0
PC2D,0.0
PHPHBDDMC,0.0
PPBNGD,0.0
TFENFEOR,0.0
UPP1R,0.0
UPP3O,0.0
APOFETNs,0.0
BILIRED,0.0
CHLASE,0.0
CHLASG,0.0
CHLASP,0.0
CHLBSG,0.0
CHLBSP,0.0
CPPPGO,0.0
DVPCHLD450OR,0.0
DVPCHLD646OR,0.0
FCLT,0.0
FE2TFENR,0.0
FERO,0.0
GGCHLDAR,0.0
GGCHLDBR,0.0
GLUTRR,0.0
GLUTRS,0.0
HEMEASm,0.0
HEMEOSm,0.0
HOXG,0.0
MPMECY1,0.0
MPMECY2,0.0
MPMECY3,0.0
MPML,0.0
PCHLD450OR,0.0
PCHLD646OR,0.0
PCHLDR,0.0
PPBNGS,0.0
PPPGO,0.0
SHCHF,0.0
UPP1S,0.0
UPP3MT,0.0
UPP3S,0.0
UPPDC1,0.0
UPPDC2,0.0
HCHLDAOR,0.0
CPPPGOR,0.0
PHYTOLK,0.0
HOXGh,0.0
PCBOR,0.0
ACCAHh,1.9828532477271994e-29
ACCAHm,0.0
APAT,0.0
APPTh,0.0
APPTm,0.0
HPCOR,0.0
HPHL,0.0
HPHLm,0.0
OCDOR,0.0
PACPT,0.0
PCNO,0.0
PCNOn,0.0
HICH,0.0
MCDC,0.0
PCFPTh,0.0
PCFPTm,0.0
PCPPTh,0.0
PCPPTm,0.0
PPACOAL,0.0
PPACOALh,0.0
PPACOALm,0.0
PS_asn_L_c,0.0
AIAL,0.0
APPRT,-4.696532429955537e-13
ATAH,0.0
DAMPH,0.0
DMPH,0.0
FPAIF,0.0
FPGFT,0.0
GBDP,0.0
GDTP,0.0
GPAR,4.4654756322834794e-13
HPRT,0.0
ICH,0.0
PRAIC,0.0
PRAICh,0.0
UGAH,0.0
XPPRT,0.0
URDGLYCAH,0.0
AAL_fum,0.0
AASP,0.0
AASPh,0.0
AASPm,0.0
ADATT,0.0
ADEC,0.0
ADECn,0.0
ADEDA,0.0
ADNDA,0.0
ADNK,0.0
ADNKm,0.0
ADPA,0.0
ADRH,0.0
ADSS,0.0
ADSSh,0.0
AGPOP,0.0
AGPOPm,0.0
AGPT,0.0
AMP5N,0.0
AMPD,0.0
APATT,0.0
APN,0.0
APNn,0.0
ARDP,0.0
ATAH_co2,0.0
ATAM,1.0000000000005904
ATAMh,-3.4006781721008078e-15
ATAMm,0.0
ATDAM,0.0
ATDAMh,0.0
ATDAMm,0.0
ATDGD,0.0
ATDGDm,0.0
ATDGM,0.0
ATGD,0.0
ATGDm,0.0
ATID,0.0
ATIDm,0.0
ATNAH,9.913745369326272e-29
ATPPH,0.0
ATPPHm,0.0
ATS,9.913745369326272e-29
BPNT,0.0
BTP,0.0
BTPS,0.0
DAOTO,0.0
DAPOP,0.0
DGOTO,0.0
DGTD,0.0
GCPN,0.0
GCPNn,0.0
GDPA,0.0
GMP5N,4.46547563228348e-13
GMPS,0.0
GMPS_glu,0.0
GMPS_glu_m,0.0
GMPSm,0.0
GTPA,0.0
GTPDPK,0.0
GTPOP,0.0
GTPOPm,0.0
GUAC,0.0
GUACn,0.0
GUAD,9.913745369326273e-29
HIUH,9.913745369326272e-29
I5NT,0.0
IDPA,0.0
IMPD,0.0
IMPDm,0.0
ISRH,0.0
ITPA,0.0
ITPP,0.0
NDPK,0.0
NDPKm,0.0
NTDP,0.0
NTPD,0.0
PAPSTYRST,0.0
PPRGL,0.0
PPRGLh,0.0
PRAIS,0.0
PRAISh,0.0
PRDPAR,0.0
PRFGCL,0.0
PRFGCLh,0.0
PRFGS,0.0
PRFGSh,0.0
R5PDP,0.0
RSPN,4.46547563228348e-13
SUAT,0.0
URO,9.913745369326272e-29
X5NT,0.0
XANDH,0.0
XNDH,9.913745369326272e-29
XTSNRH,0.0
ATAMf,0.0
AGPTf,0.0
URO2,0.0
URIH,0.0
INSH,0.0
DGSNPT,0.0
DAD2PT,0.0
DCYTPT,0.0
DHR,0.0
DHRO,0.0
DHROm,0.0
ORPRT,0.0
UPRT,0.0
ASPCT,0.0
ASPCTm,0.0
ATCD,0.0
ATCDm,0.0
ATCM,0.0
ATCY,0.0
ATDCD,0.0
ATDCDm,0.0
ATDCM,0.0
ATDTD,0.0
ATDTDm,0.0
ATDTM,0.0
ATDUD,0.0
ATDUDm,0.0
ATUD,0.0
ATUDm,3.9999999999995772
AUPT,0.0
CDDA,0.0
CDPPH,0.0
CMP,0.0
CSDA,0.0
CTPH,0.0
CYRH,0.0
DATCY,0.0
DATUP,0.0
DCAH,0.0
DCDT,0.0
DCMAH,0.0
DCMP,0.0
DCTCP,0.0
DCTUP,0.0
DGTCY,0.0
DGTUP,0.0
DTMPK,0.0
DTNH,0.0
DTPH,0.0
DTTGY,0.0
DTTUP,0.0
DUDT,0.0
DURIK1,0.0
DUTCP,0.0
DUTNH,0.0
DUTUP,0.0
GTCY,0.0
GTUP,0.0
HCGAL,0.0
HCGALm,5.513793897421973e-14
ITCY,0.0
ITUP,0.0
NTD1,0.0
ORPDC,0.0
TDSR,0.0
TDSRh,0.0
TMDK1,0.0
TPH,0.0
UDPGP,0.0
UMPK,0.0
UMPP,0.0
UPH,0.0
UTAL,0.0
UTCY,0.0
UTGAL,0.0
UTPH,0.0
UTPPH,0.0
UTUP,0.0
ATCMf,0.0
ATDCMf,0.0
UMPKf,0.0
ACKrh,0.0
ACKrm,0.0
ASPAT,-37.62265423912217
LALDD2,0.0
LDHm,0.0
LLDHh,0.0
LLDHm,0.0
PTArh,0.0
PTArm,0.0
ACACT,0.8337789071988846
ACALD,0.0
ACALDh,1.982853247727199e-29
ACCOAhi,0.0
ACDHi,0.0
ACDHmi,0.0
ALCDH_nadp_hi,0.0
ALCDH_nadp_i,80.52511223466387
ALCDHi,0.0
ALCDHmi,0.0
ALDDH,0.0
ALDDHm,0.0
APhi,0.0
D_LACDHm,0.0
GLYOXm,0.0
IPPSh,0.0
LALDD1,0.0
LGTHL,0.0
LLDH_ferr_m,0.0
LLDH_ferr_x,0.0
PFLACTm,0.0
PFLh,60.63878511510455
PYRDC,0.0
PYRShi,0.0
HYDAh,0.0
HYDA,0.0
HYDAm,0.0
CRETINOLOR1,0.0
CRETINOLOR2,0.0
TRETINOLOR1,0.0
TRETINOLOR2,0.0
BATHORHODOPSINI,0.0
CAROMO,0.0
CRETINOLPMTACT,0.0
LUMIRHODOPSINI,0.0
METARHODOPSINH,0.0
RETACIH,0.0
RETINOLACACT,0.0
RETINOLSAT,0.0
RETPALMIH,0.0
RHODOPSINI,0.0
RHODOPSINRT,0.0
TRETINOLPMTACT,0.0
DBRC,2.4124631137892007e-14
AFAT,2.4124631137892007e-14
ARPT,0.0
ARZS,0.0
AUNOR,0.0
AUS,0.0
DHPAH,0.0
DLDLBT,0.0
GTPDH,0.0
NNPRT,-2.4124631137892007e-14
R5PFL,0.0
R5PPH,-2.4124631137892007e-14
RIBFS,0.0
ACSERL,0.0
ACSERLh,0.0
ACSERLm,0.0
SEAHCYSHYD,0.0
ACHMSSELCYSL,0.0
ACHMSSELCYSLh,0.0
PHOMSELCYSL,0.0
PHOMSELCYSLh,0.0
SELCYSLY2,0.0
SELCYSTL,0.0
SELCYSTLh,0.0
SELTORc,0.0
SELTORm,0.0
SUCHMSSELCYSL,0.0
SUCHMSSELCYSLh,0.0
SECYSTL,0.0
SLCS,0.0
SLDK,0.0
PRISM_solar_litho,0.0
PRISM_solar_exo,0.0
PRISM_incandescent_60W,0.0
PRISM_fluorescent_warm_18W,0.0
PRISM_fluorescent_cool_215W,0.0
PRISM_metal_halide,0.0
PRISM_high_pressure_sodium,0.0
PRISM_growth_room,0.0
PRISM_white_LED,0.0
PRISM_red_LED_array_653nm,0.0
PRISM_red_LED_674nm,0.0
PRISM_design_growth,79.99999999999999
SGOR,0.0
3DSPHR,0.0
PSPHS,0.0
SERPT,0.0
SGPL11,0.0
SGPL13,0.0
SLCBK1,0.0
SPHK21,0.0
SPHINGSAT,0.0
SPHGNAT,0.0
DHCERAH,0.0
CERAH,0.0
DHCEROR,0.0
PHYCERAH,0.0
UGE,0.0
AATHA,0.0
AATHB,0.0
ABFPT,0.0
ABFPTh,0.0
BFFS,0.0
SAGH,0.0
SPP,0.0
THP,0.0
UFAGT,0.0
UG6PGT,0.0
UG6PGTn,0.0
UGDC,0.0
UGDH,0.0
UG1PUT,0.0
GLPThi,0.0
STARCH300DEGR2A,0.0
STARCH300DEGR2B,0.0
STARCH300DEGRA,0.0
STARCH300DEGRB,0.0
STARCH300S,0.0
PAPSPHENST,0.0
TSULe,0.0
TSULc,0.0
ARSO4SH,0.0
BPNT2,0.0
SULO,0.0
SULOm,0.0
SULR_ferr,0.0
SULRi,0.0
ACONT,-4.945570984906143e-13
ACONTx,0.0
AKGDHe2r,0.0
SUCL_gdp_m,0.0
AKGDHmi,0.0
CS,30.319392557552018
CSm,0.0
CSx,0.0
ICDHm,0.0
MDH_nadp_fi,0.0
ICDH_nad,0.0
PCr,0.0
MDHf,0.0
MDHh,-168.20348615089947
MDHm,-61.638785115106074
MDHx,0.0
ACONTm,30.319392557552504
FUMm,31.319392557553567
ICDH,-4.945570984906143e-13
ICDHhr,0.0
SUCLm,0.0
SUCDH_q8_m,30.3193925575525
SUCDHm,0.0
PPCKm,198.52287870845242
PPCK,0.0
DEDOLDPS,0.0
DEDOLDPSAT,0.0
TTCGGDPS,0.0
SPPS1,0.0
SPPS2,0.0
AMPMPFL,0.0
AMPMPPT,0.0
TTS,0.0
ADPEMTCH,0.0
AMPMPPMT,0.0
MHETK,0.0
TMDPT,0.0
THMPPPT,0.0
TMDPH,0.0
1ACPCth,1.9828532477271994e-29
23DHMBth,0.0
23DHMPth,0.0
2PGLYCth,0.0
2PGth,0.0
3C3HMPth,0.0
3MOBth,0.0
3PG_pi_thr,-30.31939255755337
4ABUTth,0.0
5MTAth,0.0
6PGLthr,0.0
ACCOAth,-60.63878511510455
ACth,0.0
AIRth,0.0
AKG_na_th,-68.94204679667413
AKGMALth,0.0
ALABth,0.0
AMETAMth,0.0
AMETt2h,0.0
AMPth,-3.4006781721008078e-15
ASPNA1th,-168.2034861508995
ASPSAth,0.0
ASPth,0.0
CMPth,0.0
COAth,-1.0293671498199133e-14
CTPth,0.0
CYSth,0.0
DHAP_pi_thr,0.0
DMPPth,0.0
ETOHth,0.0
FA160h,0.0
FA1619Zh,0.0
FA180h,0.0
FA18111Zh,0.0
FA1819Zh,0.0
FADH2th,0.0
FADth,0.0
FRDPth,0.0
G1P_pi_th,0.0
G3P_pi_thr,37.55411139053418
G6PA_pi_th,0.0
G6PB_pi_th,0.0
GALth,0.0
GLNth,68.94204679667413
GLYCLTth,0.0
GLYCth,0.0
GLYNA1th,0.0
GLYth,-1.982853247727199e-29
GRDPth,0.0
H2Oth,0.0
H2th,0.0
HCYSth,0.0
HGENTISth,0.0
HISth,0.0
ILEth,0.0
IMPth,0.0
IPDPth,0.0
LEUth,0.0
LNLCth,0.0
MAL_na_th,0.0
MANth,0.0
METHFth,0.0
MG2th,0.0
NA1Hth,206.82614039002246
NA1th,0.0
NADHth,-1.352507308508786e-15
NADPth,-4.036487323017879e-13
NH4th,0.0
NO2th,0.0
O2thr,0.0
PAPSPAPthr,0.0
PHEMEth,0.0
PHEth,0.0
PMTCOAth,0.0
PPAth,0.0
PPCOAth,0.0
PPHNth,0.0
PTRCthr,0.0
PYRth,198.52287870845282
R5Pth,4.4654756322834794e-13
RIBFLVth,0.0
SERNA1th,30.31939255755116
SERth,0.0
SO3t,0.0
SQDG18111Z160th,0.0
SQDG1819Z160th,0.0
SUCFUMthr,0.0
THRNA1th,0.0
THRth,0.0
TRPth,0.0
TYRth,0.0
UDPGALth,0.0
UDPGth,0.0
UDPth,0.0
UMPth,0.0
VALth,0.0
GTHRDth,0.0
ASCBth,0.0
BTNth,0.0
DAD5tm,0.0
DAD5th,0.0
METth,0.0
THMPPth,0.0
H2O2th,0.0
AMETth,0.0
GTPth,0.0
SO4th,0.0
PCBth,0.0
COth,0.0
4ABUTthi,0.0
ACSERthi,0.0
ATP_3h_th,1.9606357656460952e-13
CO2th,92.02672052124475
F6P_pi_thi,0.0
F6PBth,0.0
FE2th,0.0
FE3abch,0.0
FORthi,60.63878511510454
GLU4ABUTthi,0.0
GLUNA1th,0.0
GLUth,0.0
GLYC3Pth,0.0
HCO3_h_thi,54.47260913071052
MALGLUth,0.0
MALOAAth,0.0
NA1ATPaseh,0.0
NADPHth,0.0
NADth,0.0
PEPPIth,0.0
PINA1th,0.0
PPIth,0.0
TSULth,0.0
5FLURAt,0.0
5FTHFt,-3.0246741021773315e-14
6MPURt,0.0
ACt,0.0
ADEt,0.0
ADtr,0.0
ALLTNt,0.0
ALLTTt,-9.913745369326272e-29
ARG_Lt,0.0
CITALt,0.0
CO2t,2.0
GLNt,0.0
GLYCLTt,0.0
GUAt,0.0
H2Ot,-874.907420167749
HISt,0.0
HXANt,0.0
LEUt,0.0
LIDOt,0.0
MEGLYXYLt,0.0
MG2t,0.0
NH4t,1.0
NO2t,0.0
NO3t,-1.00000000000101
O2t,0.0
ORNt,0.0
PIt,10.0
RIBt,0.0
SELTt,0.0
SO4NA1t,10.0
SO4t,-10.0
SUCCt,0.0
TEGAt,0.0
TGUAt,0.0
TSULt,0.0
URATEt,0.0
UREAt,0.0
ASCBNA1t,0.0
XANNA1t,0.0
URANA1t,0.0
MEOHtm,0.0
MEOHt,0.0
NMNt,0.0
NCAMt,4.723031090509769e-14
THMt,0.0
COt,-2.0000000000041016
D_LACti,0.0
ETOHti,0.0
FE2GTPabc,0.0
FE3t,0.0
FEROt,0.0
FORti,0.0
H2ti,0.0
HATPase,0.0
HCO3_h_ti,0.0
PAIL18111Z160t,0.0
PAIL1819Z160t,0.0
PE1801819Zt,0.0
PE1801829Z12Zt,0.0
PE1801835Z9Z12Zt,0.0
PE1801845Z9Z12Z15Zt,0.0
PE18111Z1819Zt,0.0
PE18111Z1829Z12Zt,0.0
PE18111Z1835Z9Z12Zt,0.0
PE18111Z1845Z9Z12Z15Zt,0.0
PE1819Z1819Zt,0.0
PE1819Z1829Z12Zt,0.0
PE1819Z1835Z9Z12Zt,0.0
PE1819Z1845Z9Z12Z15Zt,0.0
PE1829Z12Z1835Z9Z12Zt,0.0
PG18111Z160t,0.0
PG1819Z160t,0.0
PGP18111Z160t,0.0
PGP1819Z160t,0.0
ACCOAts,0.0
ACts,0.0
COAts,0.0
H2Ots,0.0
HDCAts,0.0
Hts,0.0
NADHts,0.0
NADPHts,0.0
NADPts,0.0
NADts,0.0
PMTCOAts,0.0
RETINALts,0.0
NADPHtf,0.0
NADPtf,0.0
OAAtf,0.0
FDPtf,0.0
H2Otf,0.0
PItf,0.0
PYRtf,0.0
2PGLYCtx,0.0
3PGtx,0.0
ACCOAtx,-6.670231257591073
ASNtx,0.0
ASPtx,0.0
CITx,0.0
CO2tx,0.0
COA_h_tx,-0.8337789071988841
GLXtx,0.0
H2Otx,-69.2717704306722
NADH_h_tx,-5.8364523503921895
NADtx,-5.8364523503921895
NH4tx,0.0
O2tx,0.0
PItx,0.0
10FTHFtx,75.10822278106437
ACACtx,0.0
ACALDtx,-80.52511223466387
ALANA1tx,10.0000000000001
ALAtx,-10.000000000000098
ETOHtx,80.52511223466387
FADH2tx,-5.836452350392183
FADtx,5.836452350392206
GLYCLTtx,0.0
GLYtx,0.0
H2O2tx,0.0
METHFtx,-75.10822278106437
NADPHtx,0.0
NADPtx,0.0
FA160COAabcp,0.8337789071988836
FA40COAabcp,0.0
FORtxi,0.0
4HPROtg,0.0
AHCYStg,0.0
AMETtg,0.0
Htg,0.0
UDPARAtg,0.0
UDPGALtg,0.0
UDPtg,0.0
GTHRDtm,0.0
1ACPCtm,0.0
23DHMBtm,0.0
2DHPtm,0.0
2PGtm,-198.52287870845242
34HPPt2m,0.0
3MOPtm,0.0
4ABUTtm,-99.3299822028144
4MOPtm,0.0
5FTHFtm,-3.0246741021773315e-14
5MTAtm,0.0
ACACtm,0.0
ACCOAtm,35.322066000745835
ACtm,0.0
ADNtm,-1.982853247727199e-29
AKG_na_tm,129.64937476036684
AKGCITtm,-30.319392557552508
AKGICITtm,0.0
ALABtm,0.0
ALANA1tm,0.0
ALAtm,0.0
ALLTNtm,0.0
ALLTTtm,-9.913745369326272e-29
AMETAMtm,0.0
AMETt2m,1.982853247727199e-29
ARG_Ltm,0.0
ASNNA1tm,0.0
ASNtm,0.0
ASPNA1tm,0.0
ASPtm,136.8840935933464
CITICITtm,0.0
CITRLtm,-5.5137938974219727e-14
CO2tm,-160.96876731792034
COAtm,1.1072440210362281e-14
DATPtm,0.0
DCTPtm,0.0
DGTPtm,0.0
DHORStm,0.0
DICtm,-1.0000000000010654
D_LACtm,0.0
DTTPtm,0.0
ETOHtm,0.0
FA40COAtm,0.8337789071988846
FADH2tm,18.305890016347924
FADtm,-18.305890016347924
FRDPtm,0.0
GLUNA1tm,0.0
GLUtm,0.0
GLYCLTtm,0.0
GLYNA1tm,0.0
GLYtm,1.982853247727199e-29
GMPtm,0.0
H2O2tm,100.25872080261976
H2Otm,-72.77310715226191
H2tm,0.0
HCYStm,-1.982853247727199e-29
HMGCOAtm,0.0
ILEtm,0.0
LEUtm,0.0
MAL_na_tm,1.0000000000010654
MALAKGtm,0.0
MALCITtm,0.0
MALICITtm,0.0
MALOAAtm,0.0
METHFtm,3.024674102177331e-14
METtm,1.982853247727199e-29
MLTHFtm,75.10822278106436
NA1Htm,-93.09526336983569
NA1tm,0.0
NADtm,2.434837077626967e-14
NH4tm,0.0
O2tmr,0.0
OAAAKGtm,0.0
OAACITtm,0.0
OAAICITtm,0.0
ORNtm,5.5137938974219727e-14
PHEMEtm,0.0
PIcm,498.37030251650623
PINA1tm,0.0
PItm,-295.84742380805426
PMTCOAtm,0.8337789071988837
PNTORtm,0.0
PPAtm,0.0
PPCOAtm,0.0
PRONA1tm,0.0
PROtm,0.0
PYRtm,0.0
SELTtm,0.0
SERNA1tm,-37.55411139053219
SERtm,0.0
SO4NA1tm,0.0
SPMDtmr,0.0
SUCFUMtmr,-1.0000000000010651
THFtm,-75.10822278106437
THRNA1tm,0.0
THRtm,0.0
TYRtm,0.0
UDPtm,3.999999999999577
URATEtm,9.913745369326273e-29
UREAtm,0.0
UTPtm,-3.9999999999995772
VALtm,0.0
ASCBtm,0.0
BTNtm,0.0
PRPPtm,0.0
NICRNTtm,0.0
URDGLYCAtm,0.0
THMPPtm,0.0
TSULtm2,0.0
CMTEPtm,0.0
NCAMtm,0.0
Stm,0.0
PAPSPAPtm,0.0
DHAPtm,0.0
CYStm,0.0
SO3tm,0.0
4ABUTtmi,0.0
ACSERtmi,0.0
ATP_3h_tm,0.0
FORtmi,0.0
GLNtm,5.513793897421974e-14
GLU4ABUTtmi,99.32998220281439
HCO3_h_tmi,5.513793897421974e-14
NA1ATPasem,0.0
NADHtm,0.0
PTRCtmi,-5.4902465908387206e-14
SPMDtmi,0.0
TSULtm,0.0
GALTLtm,0.0
2DHPtn,0.0
AHCYStn,0.0
AMETtn,0.0
AMPtn,0.0
APStn,0.0
GMPtn,0.0
H2O2tn,0.0
H2Otn,0.0
NH4tn,0.0
O2tnr,0.0
PItn,0.0
SO4tn,0.0
UDPtn,0.0
NADtn,0.0
UDPGtni,0.0
ACAROtu,0.0
CAROtu,0.0
CHLAtu,0.0
CHLDBtu,0.0
GCAROtu,0.0
GGDPtu,0.0
GTHOXtu,0.0
GTHRDtu,0.0
H2Othu,-25.533733798783118
MG2tu,0.0
NADPHtu,0.0
NADPtu,0.0
O2trhu,0.0
PDPtu,0.0
PPItu,0.0
ASCBtu,0.0
CHLDA1tu,0.0
CHLDA2tu,0.0
TRP23OR,0.0
34HPPYRI,0.0
TAT,0.0
FAA,0.0
HGDO,0.0
HPPD,0.0
MAAI,0.0
MAAIn,0.0
ALPH,0.0
ALPHm,0.0
URCB,0.0
IMDHT,0.0
IMDHT_3c2hmp,0.0
KARI,0.0
KARI_3hmoa,0.0
ACAS_2ahbut,0.0
DHAD,0.0
DHAD_3mob,0.0
DHAD_3mob_h,0.0
DHADh,0.0
ILETL,0.0
IMDH,0.0
IPMS,0.0
KARI_23dhmb,0.0
KARI_23dhmp,0.0
LEUTL,0.0
MOPC,0.0
TAL,0.0
VALTL,0.0
VALTLh,0.0
ILETLm,0.0
ILETAH,0.0
LEUTAH,0.0
VALTAH,0.0
ECH_3hivcoa,0.0
HMNO,0.0
HMNOS,0.0
MGC,0.0
ACCAT,0.0
ALDH,0.0
DHRT_2mbcoa,0.0
DHRT_ibcoa,0.0
DHRT_ivcoa,0.0
ECH_3hibutcoa,0.0
ECH_3hmbcoa,0.0
HIBH,0.0
HMGL,0.0
IVCDH,0.0
MCDH,0.0
MCDH_2mb2coa,0.0
MCTC,0.0
MHGS,0.0
MMSDH,0.0
MOD,0.0
MOD_2mbdhl,0.0
MOD_2mhop,0.0
MOD_3mhtpp,0.0
MOD_3mop,0.0
MOD_4mop,0.0
OIVD3m,0.0
BCTA,0.0
BCTA_glu,0.0
BCTA_glu_h,0.0
BCTAh,0.0
BCTA_val,0.0
BCTA_val_h,0.0
PYDXOR,32.31667400594556
PDX5POi,0.0
PDXPP,0.0
PYAM5PO,0.0
PYAMPP,0.0
PYDAMK,0.0
PYDXDH,0.0
PYDXK,0.0
PYDXNK,0.0
PYDXNO,32.31667400594556
PYDXO,0.0
PYDXPP,0.0
PYDXS,0.0
Biomass_Chlamy_auto,0.0
Biomass_Chlamy_mixo,0.0
Biomass_Chlamy_hetero,0.0
rn:R01451,1000.0
rn:R01456,0.0
rn:R01457,0.0
rn:R01461,0.0
rn:R01462,0.0
rn:R02692,0.0
rn:R00702,-2.5000000000003326
rn:R02872,-2.5000000000003326
rn:R02874,-2.500000000000332
rn:R03199,2.5000000000004547
rn:R03200,0.0
rn:R07215,-999.9999999999999
rn:R05703,0.0
rn:R03610,0.0
rn:R03611,0.0
rn:R09516,0.0
rn:R11458,0.0
rn:R09515,0.0
rn:R05641,-872.1887760934264
rn:R03689,0.0
rn:R07489,0.0
rn:R03775,0.0
rn:R04427,1.7104424710045486e-13
rn:R07495,-1000.0
rn:R12403,-14.469437665959791
rn:R07509,333.62879074265584
rn:R12405,5.0612571073894516e-14
rn:R07506,872.1887760934264
rn:R11097,0.0
rn:R12377,0.0
rn:R05776,-1.7104424710045486e-13
rn:R12378,-1000.0000000000001
rn:R12379,-4.845995303355658e-14
rn:R07491,1.2043167602656035e-13
rn:R12400,0.0
rn:R07486,-1000.0
rn:R12401,-756.3469898528125
rn:R12404,-14.469437665959791
rn:R12371,0.0
rn:R12375,-1000.0000000000001
rn:R12376,-4.845995303355658e-14
