"KEGG_ID","NAME","REACTANTS","PRODUCTS","PATHWAYS"
"rn:R01451","cholesterol:NAD+ delta7-oxidoreductase","C00187+C00003","C01164+C00004+C00080","Steroid biosynthesis|Metabolic pathways"
"rn:R01452","cholesterol,NADPH:oxygen oxidoreductase (5alpha,6alpha-epoxidizing)","C00187+C00007+C00005+C00080","C15992+C00006+C00001",""
"rn:R01453","cholesterol,NADPH:oxygen oxidoreductase (5beta,6beta-epoxidizing)","C00187+C00007+C00005+C00080","C05418+C00006+C00001",""
"rn:R01454","cholesterol:oxygen oxidoreductase (side-chain-cleaving)","C00187+C00007+2C00080+2C00662","C05500+C00001+2C00667","Steroid hormone biosynthesis|Metabolic pathways"
"rn:R01456","cholesterol:NADP+ delta7-oxidoreductase","C00187+C00006","C01164+C00005+C00080","Steroid biosynthesis|Metabolic pathways"
"rn:R01457","cholesterol:NADP+ Delta24-oxidoreductase","C00187+C00006","C01802+C00080+C00005","Steroid biosynthesis|Metabolic pathways"
"rn:R01459","cholesterol:oxygen oxidoreductase","C00187+C00007","C00599+C00027","Steroid degradation|Microbial metabolism in diverse environments"
"rn:R01460","cholesteryl-beta-D-glucoside glucohydrolase","C03855+C00001","C00187+C00031",""
"rn:R01461","acyl-CoA:cholesterol O-acyltransferase","C00040+C00187","C00010+C02530","Steroid biosynthesis"
"rn:R01462","cholesterol ester acylhydrolase","C02530+C00001","C00187+C00162","Steroid biosynthesis"
"rn:R01463","cholesterol,NADPH-hemoprotein reductase:oxygen oxidoreductase (7alpha-hydroxylating)","C00187+C00007+C03024","C03594+C03161+C00001","Primary bile acid biosynthesis|Metabolic pathways"
"rn:R02692","1,2-diacyl-sn-glycerol:sterol O-acyltransferase","C00641+C00187","C01885+C02530","Steroid biosynthesis"
"rn:R02723",NA,"C00187+C00007+2C00662+2C00080","C05502+C00001+2C00667","Steroid hormone biosynthesis|Metabolic pathways"
"rn:R02724","cholesterol,reduced-adrenal-ferredoxin:oxygen oxidoreductase (side-chain-cleaving)","C00187+3C00007+6C00080+6C00662","C02373+C01953+4C00001+6C00667",""
"rn:R07207","cholesterol,NADPH-hemoprotein reductase:oxygen oxidoreductase (24-hydroxylating)","C00187+C03024+C00007","C13550+C03161+C00001","Primary bile acid biosynthesis"
"rn:R07218","cholesterol,hydrogen-donor:oxygen oxidoreductase (25-hydroxylating)","C00187+C00030+C00007","C15519+C00028+C00001","Primary bile acid biosynthesis"
"rn:R08505","cholesterol 26-hydroxylase","C00187+C00007+2C00080+2C00662","C15610+C00001+2C00667","Primary bile acid biosynthesis"
"rn:R08941","cholesterol-sulfate sulfohydrolase;","C00187+C00059","C18043+C00001","Steroid hormone biosynthesis|Metabolic pathways"
"rn:R08977","3'-phosphoadenylyl-sulfate:cholesterol sulfotransferase","C00187+C00053","C18043+C00054","Steroid hormone biosynthesis|Metabolic pathways"
"rn:R09920","cholesterol:NAD+ 3-oxidoreductase;","C00187+C00003","C00599+C00004+C00080","Steroid degradation|Microbial metabolism in diverse environments"
"rn:R11007","cholesterol,NADH:oxygen oxidoreductase (7,8 dehydrogenating)","C00187+C00007+C00004+C00080","C01164+C00003+2C00001","Insect hormone biosynthesis"
"rn:R11008","cholesterol,NADPH:oxygen oxidoreductase (7,8 dehydrogenating)","C00187+C00007+C00005+C00080","C01164+C00006+2C00001","Insect hormone biosynthesis"
"rn:R12846",NA,"C00187+C03024+C00007","C22446+C03161+C00001","Biosynthesis of various alkaloids"
"rn:R00702","farnesyl-diphosphate:farnesyl-diphosphate farnesyltransferase","2C00448","C00013+C03428","Steroid biosynthesis|Carotenoid biosynthesis|Sesquiterpenoid and triterpenoid biosynthesis|Metabolic pathways|Biosynthesis of secondary metabolites"
"rn:R02003","geranyl-diphosphate:isopentenyl-diphosphate geranyltrans-transferase","C00341+C00129","C00013+C00448","Terpenoid backbone biosynthesis|Biosynthesis of various other secondary metabolites|Metabolic pathways|Biosynthesis of secondary metabolites"
"rn:R02061","trans,trans-farnesyl-diphosphate:isopentenyl-diphosphate farnesyltranstransferase","C00448+C00129","C00013+C00353","Terpenoid backbone biosynthesis|Biosynthesis of various other secondary metabolites|Metabolic pathways|Biosynthesis of secondary metabolites"
"rn:R02303","ATP:farnesyl-diphosphate phosphotransferase","C00002+C00448","C00008+C03115",""
"rn:R02305","2-trans,6-trans-farnesyldiphosphate diphosphate-lyase (cyclizing, pentalenene-forming)","C00448","C01841+C00013","Sesquiterpenoid and triterpenoid biosynthesis|Biosynthesis of various antibiotics|Metabolic pathways|Biosynthesis of secondary metabolites"
"rn:R02306","trans,trans-farnesyl-diphosphate diphosphate-lyase (cyclizing, trichodiene-forming)","C00448","C01860+C00013","Sesquiterpenoid and triterpenoid biosynthesis"
"rn:R02307","trans,trans-farnesyl-diphosphate farnesyltransferase (bicyclizing)","C00448","C02004+C00013","Sesquiterpenoid and triterpenoid biosynthesis|Metabolic pathways|Biosynthesis of secondary metabolites"
"rn:R02310","trans,trans-farnesyl-diphosphate sesquiterpenoid-lyase (isomerizing)","C00448","C06111",""
"rn:R02311","2-trans,6-trans-farnesyl-diphosphate diphosphate-lyase (cyclizing, (+)-delta-cadinene-forming)","C00448","C06394+C00013","Sesquiterpenoid and triterpenoid biosynthesis|Metabolic pathways|Biosynthesis of secondary metabolites"
"rn:R05555","farnesyl diphosphate:isopentenyl diphosphate farnesyl cistransferase","C00448+C00129","C11356+C00013",""
"rn:R05556","(2E,6E)-farnesyl-diphosphate:isopentenyl-diphosphate cistransferase (adding 10-55 isopentenyl units)","C00448+nC00129","C05859+nC00013","Terpenoid backbone biosynthesis|Biosynthesis of secondary metabolites"
"rn:R06223","squalene synthase","2C00448+C00005+C00080","C00751+2C00013+C00006","Metabolic pathways"
"rn:R06447","(2E,6E)-farnesyl-diphosphate:isopentenyl-diphosphate cistransferase (adding 8 isopentenyl units)","C00448+8C00129","C04574+8C00013","Peptidoglycan biosynthesis|Terpenoid backbone biosynthesis|Biosynthesis of secondary metabolites"
"rn:R06523","trans,trans-farnesyl-diphosphate diphosphate-lyase (cyclizing, vetispiradiene-forming)","C00448","C12142+C00013","Sesquiterpenoid and triterpenoid biosynthesis|Biosynthesis of secondary metabolites"
"rn:R07411","(2E,6E)-farnesyl-diphosphate:protoheme IX farnesyltranstransferase","C00032+C00001+C00448","C15672+C00013","Porphyrin metabolism|Metabolic pathways|Biosynthesis of secondary metabolites|Biosynthesis of cofactors"
"rn:R07630","2-trans,6-trans-farnesyl-diphosphate diphosphate-lyase (amorpha-4,11-diene-forming)","C00448","C16028+C00013","Sesquiterpenoid and triterpenoid biosynthesis|Biosynthesis of secondary metabolites"
"rn:R07647","2-trans,6-trans-farnesyl-diphosphate diphosphate-lyase [(1E,4S,5E,7R)-germacra-1(10),5-dien-11-ol-forming]","C00448+C00001","C16143+C00013","Sesquiterpenoid and triterpenoid biosynthesis|Metabolic pathways|Biosynthesis of secondary metabolites"
"rn:R07648","2-trans,6-trans-farnesyl-diphosphate diphosphate-lyase [(-)-germacrene D-forming]","C00448","C16142+C00013","Sesquiterpenoid and triterpenoid biosynthesis"
"rn:R07649","2-trans,6-trans-farnesyl-diphosphate diphosphate-lyase (germacrene-A-forming)","C00448","C16141+C00013","Sesquiterpenoid and triterpenoid biosynthesis|Biosynthesis of secondary metabolites"
"rn:R07652","farnesyl-diphosphate:farnesyl-diphosphate farnesyltransferase (4,4'-diapophytoene forming)","2C00448","C16144+2C00013",""
"rn:R07830","(2E,6E)-farnesyl-diphosphate diphosphate-lyase [(+)-epi-isozizaene-forming]","C00448","C16269+C00013","Sesquiterpenoid and triterpenoid biosynthesis|Biosynthesis of secondary metabolites"
"rn:R08144","farnesyl-diphosphate phosphohydrolase","C00448+2C00001","C01126+2C00009","Insect hormone biosynthesis"
"rn:R08370","(2E,6E)-farnesyl-diphosphate diphosphate-lyase [(E)-alpha-bisabolene-forming]","C00448","C19749+C00013","Sesquiterpenoid and triterpenoid biosynthesis|Metabolic pathways|Biosynthesis of secondary metabolites"
"rn:R08373","(2E,6E)-farnesyl-diphosphate diphosphate-lyase (alpha-humulene-forming)","C00448","C09684+C00013","Sesquiterpenoid and triterpenoid biosynthesis"
"rn:R08374","(2E,6E)-farnesyl-diphosphate diphosphate-lyase [(3S,6E)-nerolidol-forming]","C00448+C00001","C09704+C00013","Sesquiterpenoid and triterpenoid biosynthesis|Metabolic pathways"
"rn:R08540","(2E,6E)-farnesyl-diphosphate diphosphate-lyase (gamma-humulene-forming)","C00448","C16829+C00013","Sesquiterpenoid and triterpenoid biosynthesis|Metabolic pathways|Biosynthesis of secondary metabolites"
"rn:R08541","(2E,6E)-farnesyl-diphosphate diphosphate-lyase (caryophyllene-forming)","C00448","C09629+C00013","Sesquiterpenoid and triterpenoid biosynthesis|Metabolic pathways|Biosynthesis of secondary metabolites"
"rn:R08542","(2E,6E)-farnesyl-diphosphate diphosphate-lyase (longifolene-forming)","C00448","C09699+C00013","Sesquiterpenoid and triterpenoid biosynthesis|Metabolic pathways"
"rn:R08543","(2E,6E)-farnesyl-diphosphate diphosphate-lyase (adding water;acetone-geosmin-forming)","C00448+2C00001","C16286+C00013+C00207",""
"rn:R08545","(2E,6E)-farnesyl-diphosphate diphosphate-lyase (germacrene-B-forming)","C00448","C09672+C00013","Sesquiterpenoid and triterpenoid biosynthesis"
"rn:R08546","(2E,6E)-farnesyl-diphosphate diphosphate-lyase (beta-selinene-forming)","C00448","C09723+C00013","Sesquiterpenoid and triterpenoid biosynthesis|Biosynthesis of secondary metabolites"
"rn:R08691","trans,trans-farnesyl-diphosphate diphosphate-lyase [cyclizing, (+)-valencene-forming];","C00448","C17277+C00013","Sesquiterpenoid and triterpenoid biosynthesis"
"rn:R08695","(2E,6E)-farnesyl-diphosphate diphosphate-lyase [(E)-beta-farnesene-forming];","C00448","C09666+C00013","Sesquiterpenoid and triterpenoid biosynthesis|Biosynthesis of secondary metabolites"
"rn:R08696","(2E,6E)-farnesyl-diphosphate lyase [(3E,6E)-alpha-farnesene-forming];","C00448","C09665+C00013","Sesquiterpenoid and triterpenoid biosynthesis|Biosynthesis of secondary metabolites"
"rn:R08697","trans,trans-farnesyl-diphosphate diphosphohydrolase;","C00448+C00001","C01126+C00013","Terpenoid backbone biosynthesis|Sesquiterpenoid and triterpenoid biosynthesis"
"rn:R08746","2-trans,6-trans-farnesyl-diphosphate 2-cis-trans-isomerase","C00448","C16826",""
"rn:R09064","trans,trans-farnesyl-diphosphate:bacteriochlorophyllide-c farnesyltransferase","C18161+C00448","C18163+C00013","Porphyrin metabolism|Biosynthesis of secondary metabolites"
"rn:R09065","trans,trans-farnesyl-diphosphate:bacteriochlorophyllide-d farnesyltransferase","C18160+C00448","C18162+C00013","Porphyrin metabolism|Biosynthesis of secondary metabolites"
"rn:R09140","(2E,6E)-farnesyl-diphosphate diphosphate-lyase (8-epi-cedrol-forming)","C00448+C00001","C18245+C00013","Sesquiterpenoid and triterpenoid biosynthesis|Biosynthesis of secondary metabolites"
"rn:R09245","(2E,6E)-farnesyl-diphosphate:isopentenyl-diphosphate farnesyltranstransferase (adding 3 isopentenyl units)","C00448+3C00129","C01230+3C00013","Terpenoid backbone biosynthesis|Biosynthesis of secondary metabolites"
"rn:R09247","(2E,6E)-farnesyl-diphosphate:isopentenyl-diphosphate farnesyltranstransferase (adding 4 isopentenyl units)","C00448+4C00129","C04216+4C00013","Terpenoid backbone biosynthesis|Biosynthesis of secondary metabolites"
"rn:R09248","(2E,6E)-farnesyl-diphosphate:isopentenyl-diphosphate farnesyltranstransferase (adding 5 isopentenyl units)","C00448+5C00129","C04146+5C00013","Terpenoid backbone biosynthesis|Biosynthesis of secondary metabolites"
"rn:R09249","(2E,6E)-farnesyl-diphosphate:isopentenyl-diphosphate farnesyltranstransferase (adding 7 isopentenyl units)","C00448+7C00129","C17432+7C00013","Terpenoid backbone biosynthesis|Biosynthesis of secondary metabolites"
"rn:R09525","(2E,6E)-farnesyl-diphosphate diphosphate-lyase (zingiberene-forming)","C00448","C09750+C00013",""
"rn:R09526","(2E,6E)-farnesyl-diphosphate diphosphate-lyase (beta-eudesmol-forming)","C00448+C00001","C09664+C00013",""
"rn:R09558","(2E,6E)-farnesyl-diphosphate diphosphate-lyase [(+)-germacrene-D-forming]","C00448","C19619+C00013",""
"rn:R09574","(2E,6E)-farnesyl-diphosphate diphosphate-lyase [(+)-5-epiaristolochene-forming]","C00448","C19708+C00013","Sesquiterpenoid and triterpenoid biosynthesis"
"rn:R09606","(2E,6E)-farnesyl-diphosphate diphosphate-lyase [(-)-alpha-gurjunene-forming]","C00448","C19734+C00013",""
"rn:R09614","(2E,6E)-farnesyl-diphosphate diphosphate-lyase [(+)-alpha-barbatene-forming]","C00448","C19740+C00013","Sesquiterpenoid and triterpenoid biosynthesis"
"rn:R09615","(2E,6E)-farnesyl-diphosphate diphosphate-lyase [(+)-cubenene-forming]","C00448","C19741+C00013",""
"rn:R09616","(2E,6E)-farnesyl-diphosphate diphosphate-lyase [(+)-delta-selinene-forming]","C00448","C19742+C00013","Sesquiterpenoid and triterpenoid biosynthesis"
"rn:R09617","(2E,6E)-farnesyl-diphosphate diphosphate-lyase [(+)-epicubenol-forming]","C00448+C00001","C19744+C00013",""
"rn:R09618","(2E,6E)-farnesyl-diphosphate diphosphate-lyase [(3R,6E)-nerolidol-forming]","C00448+C00001","C19746+C00013","Sesquiterpenoid and triterpenoid biosynthesis"
"rn:R09619","(2E,6E)-farnesyl-diphosphate diphosphate-lyase [(E)-gamma-bisabolene-forming]","C00448","C19748+C00013","Sesquiterpenoid and triterpenoid biosynthesis"
"rn:R09620","(2E,6E)-farnesyl-diphosphate diphosphate-lyase [(Z)-gamma-bisabolene-forming]","C00448","C16814+C00013","Sesquiterpenoid and triterpenoid biosynthesis"
"rn:R09623","(2E,6E)-farnesyl-diphosphate diphosphate-lyase [(S)-beta-bisabolene-forming]","C00448","C16775+C00013","Sesquiterpenoid and triterpenoid biosynthesis"
"rn:R09624","(2E,6E)-farnesyl-diphosphate diphosphate-lyase (germacrene-C-forming)","C00448","C19747+C00013","Sesquiterpenoid and triterpenoid biosynthesis"
"rn:R09626","(2E,6E)-farnesyl-diphosphate diphosphate-lyase (cis-muuroladiene-forming)","C00448","C19753+C00013","Sesquiterpenoid and triterpenoid biosynthesis"
"rn:R09627","(2E,6E)-farnesyl-diphosphate diphosphate-lyase (cis-muuroladiene-forming)","C00448","C19754+C00013",""
"rn:R09628","(2E,6E)-farnesyl-diphosphate diphospho-lyase [cyclising, (-)-drimenol-forming]","C00448+C00001","C19743+C00013",""
"rn:R09629","(2E,6E)-farnesyl-diphosphate diphosphate-lyase (patchoulol-forming)","C00448+C00001","C19755+C00013","Sesquiterpenoid and triterpenoid biosynthesis"
"rn:R09630","(2E,6E)-farnesyl-diphosphate diphosphohydrolase (presilphiperfolan-8beta-ol-forming)","C00448+C00001","C19756+C00013",""
"rn:R09788","(2E,6E)-farnesyl-diphosphate diphosphate-lyase (alpha-eudesmol-forming)","C00448+C00001","C09663+C00013",""
"rn:R09789","(2E,6E)-farnesyl-diphosphate diphosphate-lyase (10-epi-gamma-eudesmol-forming)","C00448+C00001","C19893+C00013",""
"rn:R09844","farnesyl-diphosphate:protein-cysteine farnesyltransferase","C00448+C20119","C20120+C00013","Terpenoid backbone biosynthesis|Biosynthesis of secondary metabolites"
"rn:R09850","CTP:farnesyl-phosphate phosphotransferase","C20121+C00063","C00448+C00112","Terpenoid backbone biosynthesis|Biosynthesis of secondary metabolites"
"rn:R09886","(2E,6E)-farnesyl-diphosphate diphosphate-lyase (7-epi-alpha-selinene-forming)","C00448","C20159+C00013","Sesquiterpenoid and triterpenoid biosynthesis"
"rn:R09887","(2E,6E)-farnesyl-diphosphate diphosphate-lyase (cyclizing, alpha-guaiene-forming)","C00448","C20161+C00013",""
"rn:R09888","(2E,6E)-farnesyl-diphosphate diphosphate-lyase (viridiflorene-forming)","C00448","C20162+C00013",""
"rn:R09889","(2E,6E)-farnesyl-diphosphate diphosphate-lyase [cyclizing, (+)-beta-caryophyllene-forming]","C00448","C19973+C00013","Sesquiterpenoid and triterpenoid biosynthesis"
"rn:R09890","(2E,6E)-farnesyl-diphosphate diphosphate-lyase (cyclizing, 5-epi-alpha-selinene-forming)","C00448","C20163+C00013","Sesquiterpenoid and triterpenoid biosynthesis"
"rn:R09891","(2E,6E)-farnesyl-diphosphate diphosphate-lyase (cyclizing, cubebol-forming)","C00448+C00001","C20172+C00013",""
"rn:R09892","(2E,6E)-farnesyl-diphosphate diphosphate-lyase [(+)-gamma-cadinene-forming]","C00448","C20173+C00013",""
"rn:R09893","(2E,6E)-farnesyl-diphosphate diphosphate-lyase (cyclizing, delta-guaiene-forming)","C00448","C20174+C00013",""
"rn:R09894","(2E,6E)-farnesyl-diphosphate diphosphate-lyase (cyclizing, gamma-curcumene-forming)","C00448","C20179+C00013",""
"rn:R09895","(2E,6E)-farnesyl-diphosphate diphosphate-lyase [cyclizing, (-)-alpha-cuprenene-forming]","C00448","C20180+C00013",""
"rn:R09896","(2E,6E)-farnesyl-diphosphate diphosphate-lyase (cyclizing, avermitilol-forming)","C00448+C00001","C20181+C00013","Sesquiterpenoid and triterpenoid biosynthesis"
"rn:R09897","(2E,6E)-farnesyl-diphosphate diphosphate-lyase [cyclizing, (-)-delta-cadinene-forming]","C00448","C20182+C00013",""
"rn:R09898","(2E,6E)-farnesyl-diphosphate diphosphate-lyase [cyclizing, (+)-T-muurolol-forming]","C00448+C00001","C20184+C00013",""
"rn:R09900","(2E,6E)-farnesyl-diphosphate diphosphate-lyase (bicyclogermacrene-forming)","C00448","C20175+C00013",""
"rn:R09901","(2E,6E)-farnesyl-diphosphate diphosphate-lyase (7-epi-sesquithujene-forming)","C00448","C20177+C00013",""
"rn:R09902","(2E,6E)-farnesyl-diphosphate diphosphate-lyase (sesquithujene-forming)","C00448","C20178+C00013",""
"rn:R09976","(2E,6E)-farnesyl diphosphate diphosphate-lyase (cyclizing, beta-sesquiphellandrene-forming)","C00448","C16776+C00013",""
"rn:R10004","(2E,6E)-farnesyl-diphosphate diphosphate-lyase (cyclizing, alpha-muurolene-forming)","C00448","C20272+C00013",""
"rn:R10005","(2E,6E)-farnesyl-diphosphate diphosphate-lyase (cyclizing, gamma-muurolene-forming)","C00448","C20273+C00013",""
"rn:R10006","(2E,6E)-farnesyl-diphosphate diphosphate-lyase (cyclizing, beta-copaene-forming)","C00448","C20274+C00013",""
"rn:R10007","(2E,6E)-farnesyl-diphosphate diphosphate-lyase (cyclizing, beta-cubebene-forming)","C00448","C09648+C00013",""
"rn:R10008","(2E,6E)-farnesyl-diphosphate diphosphate-lyase (cyclizing, (+)-sativene-forming)","C00448","C20275+C00013",""
"rn:R10271","(2E,6E)-farnesyl-diphosphate diphosphate-lyase (cyclizing, Delta6-protoilludene-forming)","C00448","C20476+C00013",""
"rn:R10272","(2E,6E)-farnesyl-diphosphate diphosphate-lyase (cyclizing, (-)-alpha-isocomene-forming)","C00448","C20477+C00013",""
"rn:R10273","(2E,6E)-farnesyl-diphosphate diphosphate-lyase (cyclizing, (E)-2-epi-beta-caryophyllene-forming)","C00448","C20478+C00013","Sesquiterpenoid and triterpenoid biosynthesis"
"rn:R10274","(2E,6E)-farnesyl-diphosphate diphosphate-lyase (cyclizing, (+)-epi-alpha-bisabolol-forming)","C00448+C00001","C20479+C00013","Sesquiterpenoid and triterpenoid biosynthesis"
"rn:R10275","(2E,6E)-farnesyl-diphosphate diphosphate-lyase (cyclizing, valerena-4,7(11)-diene-forming)","C00448","C20480+C00013",""
"rn:R10493","(2E,6E)-farnesyl-diphosphate diphosphate-lyase (kunzeaol forming)","C00448+C00001","C20576+C00013",""
"rn:R10584","(2E,6E)-farnesyl-diphosphate diphosphate-lyase (cyclizing, alpha-copaene-forming)","C00448","C09639+C00013",""
"rn:R10598","(2E,6E)-farnesyl diphosphate lyase (cyclizing, (+)-beta-chamigrene-forming)","C00448","C19908+C00013","Sesquiterpenoid and triterpenoid biosynthesis"
"rn:R10599","(2E,6E)-farnesyl diphosphate lyase (cyclizing, (+)-thujopsene-forming)","C00448","C20724+C00013","Sesquiterpenoid and triterpenoid biosynthesis"
"rn:R10726","(2E,6E)-farnesyl-diphosphate diphosphate-lyase (alpha-longipinene-forming)","C00448","C20804+C00013",""
"rn:R10732","(2E,6E)-farnesyl diphosphate lyase (cyclizing, (-)-exo-alpha-bergamotene-forming)","C00448","C20811+C00013",""
"rn:R10733","(2E,6E)-farnesyl diphosphate lyase (cyclizing, (+)-alpha-santalene-forming)","C00448","C19736+C00013",""
"rn:R10734","(2E,6E)-farnesyl diphosphate lyase (cyclizing, (-)-beta-santalene-forming)","C00448","C09718+C00013",""
"rn:R11822","(2E,6E)-farnesyl-diphosphate diphosphate-lyase [cyclizing, (+)-isoafricanol-forming]","C00448+C00001","C21660+C00013",""
"rn:R11825","(2E,6E)-farnesyl-diphosphate diphosphate-lyase [cyclizing, (2S,3R,6S,9S)-(-)-protoillud-7-ene-forming]","C00448","C21676+C00013",""
"rn:R11826","(2E,6E)-farnesyl-diphosphate diphosphate-lyase [cyclizing, (3S)-(+)-asterisca-2(9),6-diene-forming]","C00448","C21677+C00013",""
"rn:R11827","(2E,6E)-farnesyl-diphosphate diphosphate-lyase [cyclizing, (-)-alpha-amorphene-forming]","C00448","C21679+C00013",""
"rn:R11828","(2E,6E)-farnesyl-diphosphate diphosphate-lyase [cyclizing, (+)-corvol-ether-B-forming]","C00448+C00001","C21681+C00013",""
"rn:R11829","(2E,6E)-farnesyl-diphosphate diphosphate-lyase [cyclizing, (+)-eremophilene-forming]","C00448","C21684+C00013",""
"rn:R11830","(2E,6E)-farnesyl-diphosphate diphosphate-lyase [cyclizing, (1R,4R,5S)-(-)-guaia-6,10(14)-diene-forming]","C00448","C21685+C00013",""
"rn:R11831","(2E,6E)-farnesyl-diphosphate diphosphate-lyase [cyclizing, (+)-(1E,4E,6S,7R)-germacra-1(10),4-dien-6-ol-forming]","C00448+C00001","C21686+C00013",""
"rn:R11834","(2E,6E)-farnesyl-diphosphate diphosphate-lyase (cyclizing, 7-epi-alpha-eudesmol-forming)","C00448+C00001","C21689+C00013",""
"rn:R11835","(2E,6E)-farnesyl-diphosphate diphosphate-lyase (cyclizing, 4-epi-cubebol-forming)","C00448+C00001","C21690+C00013",""
"rn:R11836","(2E,6E)-farnesyl-diphosphate diphosphate-lyase [cyclizing, (+)-corvol-ether-A-forming]","C00448+C00001","C21693+C00013",""
"rn:R11837","(2E,6E)-farnesyl-diphosphate diphosphate-lyase (cyclizing, 10-epi-juneol-forming)","C00448+C00001","C21694+C00013",""
"rn:R11838","(2E,6E)-farnesyl-diphosphate diphosphate-lyase (cyclizing, tau-cadinol-forming)","C00448+C00001","C21695+C00013",""
"rn:R11839","(2E,6E)-farnesyl-diphosphate diphosphate-lyase [cyclizing, (2E,6E)-hedycaryol-forming]","C00448+C00001","C21698+C00013",""
"rn:R11840","(2E,6E)-farnesyl-diphosphate diphosphate-lyase (cyclizing, 10-epi-cubebol-forming)","C00448+C00001","C21700+C00013",""
"rn:R11844","(2E,6E)-farnesyl-diphosphate diphosphate-lyase (cyclizing, guaia-4,6-diene-forming)","C00448","C21705+C00013",""
"rn:R11846","(2E,6E)-farnesyl-diphosphate diphosphate-lyase (cyclizing, selina-4(15),7(11)-diene-forming)","C00448","C21707+C00013",""
"rn:R11847","(2E,6E)-farnesyl-diphosphate diphosphate-lyase [cyclizing, (+)-(2S,3R,9R)-pristinol-forming]","C00448+C00001","C21708+C00013",""
"rn:R11849","(2E,6E)-farnesyl-diphosphate diphosphate-lyase (cyclizing, 5-hydroxy-alpha-gurjunene-forming)","C00448+C00001","C21710+C00013",""
"rn:R11852","(2E,6E)-farnesyl-diphosphate diphosphate-lyase [cyclizing, (2Z,6E)-hedycaryol-forming]","C00448+C00001","C21715+C00013",""
"rn:R12050",NA,"C21873+C00448","C10641+C00013","Biosynthesis of various antibiotics|Metabolic pathways|Biosynthesis of secondary metabolites"
"rn:R12259","(2E,6E)-farnesyl-diphosphate diphosphate-lyase (cyclizing, 7-epi-ent-eudesmane-5,11-diol-forming)","C00448+2C00001","C22043+C00013",""
"rn:R12260","(2E,6E)-farnesyl-diphosphate diphosphate-lyase (cyclizing, alpha-selinene-forming)","C00448","C22044+C00013",""
"rn:R12261","(2E,6E)-farnesyl-diphosphate diphosphate-lyase [cyclizing, (-)-epieremophilene-forming]","C00448","C22045+C00013",""
"rn:R12456","(2E,6E)-farnesyl-diphosphate diphosphate-lyase (valerianol-forming)","C00448+C00001","C22174+C00013",""
"rn:R12524","(2E,6E)-farnesyl diphosphate 10-C-methyltransferase (cyclyzing, pre-sodorifen diphosphate producing)","C00019+C00448","C00021+C22209",""
"rn:R13104","(2E,6E)-farnesyl-diphosphate diphosphate-lyase [(+)-exo-beta-bergamotene-forming]","C00448","C22617+C00013","Biosynthesis of various antibiotics|Metabolic pathways|Biosynthesis of secondary metabolites"
"rn:R13226","(2E,6E)-farnesyl-diphosphate diphosphate-lyase [(+)-delta-cadinol-forming]","C00448+C00001","C22837+C00013",""
"rn:R02872","presqualene-diphosphate diphosphate-lyase (reducing, squalene-forming)","C03428+C00005+C00080","C00013+C00751+C00006","Steroid biosynthesis|Sesquiterpenoid and triterpenoid biosynthesis|Metabolic pathways|Biosynthesis of secondary metabolites"
"rn:R02874","squalene,NADPH-hemoprotein:oxygen oxidoreductase (2,3-epoxidizing)","C00751+C00007+C03024","C01054+C03161+C00001","Steroid biosynthesis|Sesquiterpenoid and triterpenoid biosynthesis|Metabolic pathways|Biosynthesis of secondary metabolites"
"rn:R02875","squalene hydro-lyase (tetrahymanol forming)","C00751+C00001","C06083","Sesquiterpenoid and triterpenoid biosynthesis|Biosynthesis of secondary metabolites"
"rn:R02876",NA,"C00751","C06084",""
"rn:R07322","squalene mutase (cyclizing)","C00751","C06310","Sesquiterpenoid and triterpenoid biosynthesis"
"rn:R07323","squalene mutase (cyclizing);","C00751+C00001","C06309","Sesquiterpenoid and triterpenoid biosynthesis|Biosynthesis of secondary metabolites"
"rn:R08535",NA,"C00751","C08627","Biosynthesis of various alkaloids|Biosynthesis of secondary metabolites"
"rn:R09712","squalene mutase (cyclizing, dammara-20,24-diene-forming)","C00751","C19834","Sesquiterpenoid and triterpenoid biosynthesis"
"rn:R10167","S-adenosyl-L-methionine:squalene C-methyltransferase","C00019+C00751","C00021+C20411",""
"rn:R10169","S-adenosyl-L-methionine:squalene C-methyltransferase","2C00019+C00751","2C00021+C20412",""
"rn:R11401","squalene:FAD oxidoreductase (hydroxylating)","C00751+C00016+C00001","C21116+C01352",""
"rn:R12355",NA,"C00751+2C00999+C00007+2C00080","C01054+2C00996+C00001","Steroid biosynthesis|Metabolic pathways|Biosynthesis of secondary metabolites"
"rn:R02116",NA,"C00370","C01054",""
"rn:R03199","(S)-2,3-epoxysqualene mutase (cyclizing, lanosterol-forming)","C01054","C01724","Steroid biosynthesis|Metabolic pathways|Biosynthesis of secondary metabolites"
"rn:R03200","(S)-2,3-epoxysqualene mutase (cyclizing, cycloartenol-forming)","C01054","C01902","Steroid biosynthesis|Metabolic pathways|Biosynthesis of secondary metabolites"
"rn:R03201",NA,"C01054","C06085",""
"rn:R06466","(3S)-2,3-epoxy-2,3-dihydrosqualene mutase (cyclizing, lupeol-forming)","C01054","C08628","Sesquiterpenoid and triterpenoid biosynthesis|Biosynthesis of secondary metabolites"
"rn:R06469","(3S)-2,3-epoxy-2,3-dihydrosqualene mutase (cyclizing, beta-amyrin-forming)","C01054","C08616","Sesquiterpenoid and triterpenoid biosynthesis|Biosynthesis of various plant secondary metabolites|Metabolic pathways|Biosynthesis of secondary metabolites"
"rn:R06471","(3S)-2,3-epoxy-2,3-dihydrosqualene mutase (cyclizing, alpha-amyrin-forming)","C01054","C08615","Sesquiterpenoid and triterpenoid biosynthesis"
"rn:R08376",NA,"C01054","C08624","Biosynthesis of various alkaloids"
"rn:R08378",NA,"C01054","C08797",""
"rn:R09476","(S)-2,3-epoxysqualene mutase (cyclizing, taraxerol-forming)","C01054","C08637","Sesquiterpenoid and triterpenoid biosynthesis|Biosynthesis of secondary metabolites"
"rn:R09688","(S)-2,3-epoxysqualene mutase (cyclizing, cucurbitadienol-forming)","C01054","C19819","Sesquiterpenoid and triterpenoid biosynthesis|Biosynthesis of various alkaloids|Biosynthesis of secondary metabolites"
"rn:R09689","(S)-2,3-epoxysqualene mutase [cyclizing, (17Z)-protosta-17(20),24-dien-3beta-ol-forming]","C01054","C19820","Sesquiterpenoid and triterpenoid biosynthesis"
"rn:R09700","(S)-squalene-2,3-epoxide hydro-lyase (arabidiol forming)","C19828","C01054+C00001","Sesquiterpenoid and triterpenoid biosynthesis|Biosynthesis of secondary metabolites"
"rn:R09701","(S)-squalene-2,3-epoxide hydro-lyase (dammarenediol-II forming)","C19829","C01054+C00001","Sesquiterpenoid and triterpenoid biosynthesis|Biosynthesis of various plant secondary metabolites|Biosynthesis of secondary metabolites"
"rn:R09709","(S)-2,3-epoxysqualene mutase (cyclizing, thalianol-forming)","C01054","C19832","Sesquiterpenoid and triterpenoid biosynthesis|Biosynthesis of secondary metabolites"
"rn:R09710","(S)-2,3-epoxysqualene mutase (cyclizing, germanicol-forming)","C01054","C19833","Sesquiterpenoid and triterpenoid biosynthesis"
"rn:R09711","(S)-2,3-epoxysqualene mutase (cyclizing, isomultiflorenol-forming)","C01054","C19801","Sesquiterpenoid and triterpenoid biosynthesis"
"rn:R09713","(3S)-2,3-epoxy-2,3-dihydrosqualene mutase (cyclizing, camelliol-C-forming)","C01054","C19835","Sesquiterpenoid and triterpenoid biosynthesis"
"rn:R09743","(3S)-2,3-epoxy-2,3-dihydrosqualene hydro-lyase (lupan-3beta,20-diol forming)","C19863","C01054+C00001","Sesquiterpenoid and triterpenoid biosynthesis"
"rn:R09906","(3S)-2,3-epoxy-2,3-dihydrosqualene mutase (cyclizing, shionone-forming)","C01054","C17966",""
"rn:R09907","(3S)-2,3-epoxy-2,3-dihydrosqualene mutase (cyclizing, parkeol-forming)","C01054","C19918","Sesquiterpenoid and triterpenoid biosynthesis"
"rn:R09908","(3S)-2,3-epoxy-2,3-dihydrosqualene mutase (cyclizing, achilleol-B-forming)","C01054","C20187","Sesquiterpenoid and triterpenoid biosynthesis"
"rn:R09909","(3S)-2,3-epoxy-2,3-dihydrosqualene mutase (cyclizing, glutinol-forming)","C01054","C20188",""
"rn:R09910","(3S)-2,3-epoxy-2,3-dihydrosqualene mutase (cyclizing, friedelin-forming)","C01054","C08626",""
"rn:R09911","(3S)-2,3-epoxy-2,3-dihydrosqualene mutase (cyclizing, baccharis-oxide-forming)","C01054","C20189",""
"rn:R09912","(3S)-2,3-epoxy-2,3-dihydrosqualene mutase (cyclizing, alpha-seco-amyrin-forming)","C01054","C20191","Sesquiterpenoid and triterpenoid biosynthesis"
"rn:R09913","(3S)-2,3-epoxy-2,3-dihydrosqualene mutase (cyclizing, marneral-forming)","C01054","C20192","Sesquiterpenoid and triterpenoid biosynthesis|Biosynthesis of secondary metabolites"
"rn:R09914","(3S)-2,3-epoxy-2,3-dihydrosqualene mutase (cyclizing, beta-seco-amyrin-forming)","C01054","C20193","Sesquiterpenoid and triterpenoid biosynthesis"
"rn:R09915","(3S)-2,3-epoxy-2,3-dihydrosqualene mutase (cyclizing, delta-amyrin-forming)","C01054","C20194",""
"rn:R09916","(3S)-2,3-epoxy-2,3-dihydrosqualene mutase (cyclizing, tirucalla-7,24-dien-3beta-ol-forming)","C01054","C20195","Sesquiterpenoid and triterpenoid biosynthesis"
"rn:R09917","(3S)-2,3-epoxy-2,3-dihydrosqualene mutase (cyclizing, baruol-forming)","C01054","C20200","Sesquiterpenoid and triterpenoid biosynthesis"
"rn:R03311",NA,"C01164+C00205","C05443","Steroid biosynthesis|Metabolic pathways|Biosynthesis of secondary metabolites"
"rn:R07215","lathosterol,ferrocytochrome b5:oxygen oxidoreductase 5,6-dehydrogenating","C01189+2C00999+C00007+2C00080","C01164+2C00996+2C00001","Steroid biosynthesis|Metabolic pathways|Biosynthesis of secondary metabolites"
"rn:R07507",NA,"C05107+C00005+C00080","C01164+C00006","Steroid biosynthesis|Metabolic pathways"
"rn:R08132",NA,"C01164","C16509","Insect hormone biosynthesis"
"rn:R03353","5alpha-cholest-7-en-3beta-ol delta7-delta8-isomerase","C01189","C03845","Steroid biosynthesis|Metabolic pathways|Biosynthesis of secondary metabolites"
"rn:R04328",NA,"C01189+C00011+4C00001+3C00006","C05111+3C00007+3C00005+3C00080",""
"rn:R05703","lanosterol D24-reductase","C01189+C00006","C05439+C00005+C00080","Steroid biosynthesis|Metabolic pathways"
"rn:R03610","calcidiol,adrenodoxin:oxygen oxidoreductase (1-hydroxylating)","C01561+2C00662+2C00080+C00007","C01673+C00667+C00001","Steroid biosynthesis|Metabolic pathways"
"rn:R03611","calciol,NADPH-hemoprotein reductase:oxygen oxidoreductase (25-hydroxylating)","C01561+C03161+C00001","C05443+C03024+C00007","Steroid biosynthesis|Metabolic pathways|Biosynthesis of secondary metabolites"
"rn:R09516","calcidiol,adrenodoxin:oxygen oxidoreductase (24-hydroxylating)","C01561+2C00662+2C00080+C00007","C07712+2C00667+C00001","Steroid biosynthesis|Metabolic pathways"
"rn:R11458","calciol,ferredoxin:oxygen oxidoreductase (1,25-hydroxylating)","C05443+C00007+2C00138+2C00080","C01561+2C00139+C00001","Steroid biosynthesis|Metabolic pathways|Biosynthesis of secondary metabolites"
"rn:R11459",NA,"C01561+C00007+2C00138+2C00080","C01673+2C00139+C00001","Steroid biosynthesis|Metabolic pathways"
"rn:R09515","calcitriol,adrenodoxin:oxygen oxidoreductase (24-hydroxylating)","C01673+2C00662+2C00080+C00007","C18231+2C00667+C00001","Steroid biosynthesis|Metabolic pathways"
"rn:R03675","5alpha-ergosta-7,22-diene-3beta,5-diol 5,6-hydro-lyase","C04416","C01694+C00001",""
"rn:R03677",NA,"C01694+C00205","C05441","Steroid biosynthesis|Metabolic pathways|Biosynthesis of secondary metabolites"
"rn:R05641","ergosterol:NADP+ Delta24(24(1))-oxidoreductase","C01694+C00006","C05440+C00005+C00080","Steroid biosynthesis|Metabolic pathways|Biosynthesis of secondary metabolites"
"rn:R13187","L-aspartyl-tRNAAsp:ergosterol-3beta-O-L-aspartyltransferase","C02984+C01694","C01638+C22691",""
"rn:R13190","ergosteryl-3beta-O-L-aspartate aminoacylesterase","C22691+C00001","C01694+C00049",""
"rn:R03689","lanosterol delta24-reductase","C01724+C00005+C00080","C05109+C00006","Steroid biosynthesis"
"rn:R05640","lanosterol,[reduced NADPH---hemoprotein reductase]:oxygen oxidoreductase (14-methyl cleaving)","C01724+3C03024+3C00007","C11455+C00058+3C03161+4C00001","Steroid biosynthesis|Metabolic pathways|Biosynthesis of secondary metabolites"
"rn:R12323","lanosterol,reduced ferredoxin:oxygen oxidoreductase (14-methyl cleaving)","C01724+6C00138+6C00080+3C00007","C11455+C00058+6C00139+4C00001","Steroid biosynthesis|Metabolic pathways|Biosynthesis of secondary metabolites"
"rn:R07488",NA,"C08821+C00005+C00080","C01753+C00006","Steroid biosynthesis|Metabolic pathways|Biosynthesis of secondary metabolites"
"rn:R07489","beta-sitosterol,NADPH:oxygen oxidoreductase (22,23-dehydrogenating)","C01753+C00005+C00080+C00007","C05442+C00006+2C00001","Steroid biosynthesis|Metabolic pathways|Biosynthesis of secondary metabolites"
"rn:R07427","delta5-3-ketosteroid isomerase","C01789","C15784","Brassinosteroid biosynthesis|Metabolic pathways|Biosynthesis of secondary metabolites"
"rn:R07445","campesterol,NADPH---hemoprotein reductase:oxygen 22S-oxidoreductase (hydroxylating)","C01789+C00007+C03024","C15795+C03161+C00001","Brassinosteroid biosynthesis|Metabolic pathways|Biosynthesis of secondary metabolites"
"rn:R07493",NA,"C15781+C00005+C00080","C01789+C00006","Steroid biosynthesis|Metabolic pathways|Biosynthesis of secondary metabolites"
"rn:R03723","(24R,24(1)R)-fucosterol-epoxide acetaldehyde-lyase (desmosterol-forming)","C03910","C01802+C00084",""
"rn:R03724",NA,"C01802+C00028","C05107+C00030","Steroid biosynthesis|Metabolic pathways"
"rn:R03725",NA,"C01802+C00019","C15781+C00021",""
"rn:R04763",NA,"C01802+C00019","C05440+C00021",""
"rn:R03765",NA,"C01902","C05437",""
"rn:R05760","S-adenosyl-L-methionine:cycloartenol 24-C-methyltransferase","C00019+C01902","C00021+C11513",""
"rn:R07481",NA,"C01902+C00019","C08830+C00021","Steroid biosynthesis|Metabolic pathways|Biosynthesis of secondary metabolites"
"rn:R12458","S-adenosyl-L-methionine:cycloartenol 24-C-methyltransferase","C00019+C01902","C00021+C22175",""
"rn:R03775","cycloeucalenol lyase (cyclopropane-decyclizing)","C02141","C01943","Steroid biosynthesis|Metabolic pathways|Biosynthesis of secondary metabolites"
"rn:R05731","obtusifoliol,[reduced NADPH---hemoprotein reductase]:oxygen oxidoreductase (14-methyl cleaving)","C01943+3C03024+3C00007","C11508+C00058+3C03161+4C00001","Steroid biosynthesis|Metabolic pathways|Biosynthesis of secondary metabolites"
"rn:R12399","cycloeucalenol:NADP+ 3-oxidoreductase","C22121+C00005+C00080","C02141+C00006","Steroid biosynthesis|Metabolic pathways|Biosynthesis of secondary metabolites"
"rn:R09793","presqualene-diphosphate diphosphate-lyase (15-cis-4,4'-diapophytoene-forming)","C03428","C16144+C00013","Carotenoid biosynthesis|Biosynthesis of secondary metabolites"
"rn:R10194","C30 botryococcene:NADP+ oxidoreductase","C20432+C00006+C00013","C03428+C00005+C00080",""
"rn:R11410","presqualene-diphosphate diphosphate-lyase (adding water; hydroxysqualene-forming)","C03428+C00001","C21116+C00013",""
"rn:R07498",NA,"C05437+C00005+C00080","C03845+C00006","Steroid biosynthesis|Metabolic pathways|Biosynthesis of secondary metabolites"
"rn:R04427","S-adenosyl-L-methionine:zymosterol C-methyltransferase","C00019+C05437","C00021+C04525","Steroid biosynthesis|Metabolic pathways|Biosynthesis of secondary metabolites"
"rn:R07497",NA,"C04525","C15777","Steroid biosynthesis|Metabolic pathways|Biosynthesis of secondary metabolites"
"rn:R07495","4alpha-methylzymosterol:NADP+ 3-oxidoreductase","C15816+C00005+C00080","C05103+C00006","Steroid biosynthesis|Metabolic pathways|Biosynthesis of secondary metabolites"
"rn:R12403","4alpha-methylzymosterol,ferrocytochrome-b5:oxygen oxidoreductase (hydroxylating)","C05103+6C00999+3C00007+6C00080","C22112+6C00996+4C00001","Steroid biosynthesis|Metabolic pathways|Biosynthesis of secondary metabolites"
"rn:R04667",NA,"C05107+C00030","C05439+C00028","Steroid biosynthesis|Metabolic pathways"
"rn:R05639","4,4-dimethyl-5a-cholesta-8,24-dien-3b-ol:NADP+ D14-oxidoreductase","C05108+C00006","C11455+C00005+C00080","Steroid biosynthesis|Metabolic pathways|Biosynthesis of secondary metabolites"
"rn:R07499",NA,"C05108+C00005+C00080","C15915+C00006","Steroid biosynthesis"
"rn:R07509","14-demethyllanosterol,ferrocytochrome-b5:oxygen oxidoreductase (hydroxylating)","C05108+6C00999+3C00007+6C00080","C15808+6C00996+4C00001","Steroid biosynthesis|Metabolic pathways|Biosynthesis of secondary metabolites"
"rn:R04670",NA,"C05109+C00005","C05110+C00006",""
"rn:R04804","delta8,24-cholestadien-3beta-ol delta7-delta8-isomerase","C05437","C05439","Steroid biosynthesis|Metabolic pathways"
"rn:R12405","zymosterol:NADP+ 3-oxidoreductase","C22136+C00005+C00080","C05437+C00006","Steroid biosynthesis|Metabolic pathways|Biosynthesis of secondary metabolites"
"rn:R07506","ergosta-5,7,24(28)-trien-3beta-ol,NADPH:oxygen oxidoreductase (22,23-dehydrogenating)","C15780+C00005+C00080+C00007","C05440+C00006+2C00001","Steroid biosynthesis|Metabolic pathways|Biosynthesis of secondary metabolites"
"rn:R11324","secalciferol,adrenodoxin:oxygen oxidoreductase (1-hydroxylating)","C07712+2C00662+2C00080+C00007","C18231+C00667+C00001",""
"rn:R11097","24-epi-campesterol,NADPH:oxygen oxidoreductase (22,23-dehydrogenating)","C21106+C00005+C00080+C00007","C08813+C00006+2C00001","Steroid biosynthesis|Metabolic pathways|Biosynthesis of secondary metabolites"
"rn:R07487",NA,"C15783","C08821","Steroid biosynthesis|Metabolic pathways|Biosynthesis of secondary metabolites"
"rn:R12368","24-methylidenecycloartanol,ferrocytochrome-b5:oxygen oxidoreductase","C08830+2C00999+C00007+2C00080","C22114+2C00996+C00001",""
"rn:R12377","24-methylidenecycloartanol,ferrocytochrome-b5:oxygen oxidoreductase (C-4alpha-methyl-hydroxylating)","C08830+6C00999+3C00007+6C00080","C22116+6C00996+4C00001","Steroid biosynthesis|Metabolic pathways|Biosynthesis of secondary metabolites"
"rn:R07483",NA,"C11508+C00005+C00080","C15776+C00006","Steroid biosynthesis|Metabolic pathways|Biosynthesis of secondary metabolites"
"rn:R05776","S-adenosyl-L-methionine:24-methylenelophenol C-methyltransferase","C00019+C11522","C00021+C11523","Steroid biosynthesis|Metabolic pathways|Biosynthesis of secondary metabolites"
"rn:R07484",NA,"C15776","C11522","Steroid biosynthesis|Metabolic pathways|Biosynthesis of secondary metabolites"
"rn:R12372","24-methylenelophenol,ferrocytochrome-b5:oxygen oxidoreductase","C11522+2C00999+C00007+2C00080","C22117+2C00996+C00001",""
"rn:R12378","24-methylenelophenol,ferrocytochrome-b5:oxygen oxidoreductase (C-4alpha-methyl-hydroxylating)","C11522+6C00999+3C00007+6C00080","C22119+6C00996+4C00001","Steroid biosynthesis|Metabolic pathways|Biosynthesis of secondary metabolites"
"rn:R12379","24-ethylidenelophenol,ferrocytochrome-b5:oxygen oxidoreductase (C-4alpha-methyl-hydroxylating)","C11523+6C00999+3C00007+6C00080","C22120+6C00996+4C00001","Steroid biosynthesis|Metabolic pathways|Biosynthesis of secondary metabolites"
"rn:R07491","episterol,ferrocytochrome b5:oxygen oxidoreductase 5,6-dehydrogenating","C15777+2C00999+C00007+2C00080","C15780+2C00996+2C00001","Steroid biosynthesis|Metabolic pathways|Biosynthesis of secondary metabolites"
"rn:R12400","episterol:NADP+ 3-oxidoreductase","C22122+C00005+C00080","C15777+C00006","Steroid biosynthesis|Metabolic pathways|Biosynthesis of secondary metabolites"
"rn:R07492",NA,"C15780","C15781","Steroid biosynthesis|Metabolic pathways|Biosynthesis of secondary metabolites"
"rn:R11096",NA,"C15781+C00005+C00080","C21106+C00006","Steroid biosynthesis|Metabolic pathways|Biosynthesis of secondary metabolites"
"rn:R07486","delta7-avenasterol,ferrocytochrome b5:oxygen oxidoreductase 5,6-dehydrogenating","C15782+2C00999+C00007+2C00080","C15783+2C00996+2C00001","Steroid biosynthesis|Metabolic pathways|Biosynthesis of secondary metabolites"
"rn:R12401","delta7-avenasterol:NADP+ 3-oxidoreductase","C22123+C00005+C00080","C15782+C00006","Steroid biosynthesis|Metabolic pathways|Biosynthesis of secondary metabolites"
"rn:R07494",NA,"C15808+C00006","C15816+C00005+C00080+C00011","Steroid biosynthesis|Metabolic pathways|Biosynthesis of secondary metabolites"
"rn:R12404","4alpha-carboxy-5alpha-cholesta-8,24-dien-3beta-ol:NADP+ 3-oxidoreductase (decarboxylating)","C22112+C00006","C22136+C00005+C00080+C00011","Steroid biosynthesis|Metabolic pathways|Biosynthesis of secondary metabolites"
"rn:R12370","4alpha-formyl-4beta,14alpha-dimethyl-9beta,19-cyclo-5alpha-ergost-24(24(1))-en-3beta-ol,ferrocytochrome-b5:oxygen oxidoreductase","C22115+2C00999+C00007+2C00080","C22116+2C00996+C00001",""
"rn:R12371","3beta-hydroxy-4beta,14alpha-dimethyl-9beta,19-cyclo-5alpha-ergost-24(24(1))-en-4alpha-carboxylate:NAD+ 3-oxidoreductase (decarboxylating)","C22116+C00003","C22121+C00004+C00011+C00080","Steroid biosynthesis|Metabolic pathways|Biosynthesis of secondary metabolites"
"rn:R12374","4alpha-formylergosta-7,24(24(1))-dien-3beta-ol,ferrocytochrome-b5:oxygen oxidoreductase","C22118+2C00999+C00007+2C00080","C22119+2C00996+C00001",""
"rn:R12375","3beta-hydroxyergosta-7,24(24(1))-dien-4alpha-carboxylate:NAD+ 3-oxidoreductase (decarboxylating)","C22119+C00003","C22122+C00004+C00011+C00080","Steroid biosynthesis|Metabolic pathways|Biosynthesis of secondary metabolites"
"rn:R12376","4alpha-carboxy-stigmasta-7,24(24(1))-dien-3beta-ol:NAD+ 3-oxidoreductase (decarboxylating)","C22120+C00003","C22123+C00004+C00011+C00080","Steroid biosynthesis|Metabolic pathways|Biosynthesis of secondary metabolites"
